State Name,Year,commodity,yield,Avg_Annual_Temperature,Avg_Annual_Rainfall,average_price
Andhra Pradesh,1994,RICE,2408.2018181818185,24.46,1295.3,7.85
Andhra Pradesh,1994,WHEAT,0.0,24.46,1295.3,5.989108910891089
Andhra Pradesh,1995,RICE,2443.7936363636363,25.29,1242.4,8.119642857142857
Andhra Pradesh,1995,WHEAT,0.0,25.29,1242.4,5.947260273972603
Andhra Pradesh,1996,RICE,2547.8881818181817,24.55,1182.9,8.976589595375723
Andhra Pradesh,1996,WHEAT,90.9090909090909,24.55,1182.9,7.398611111111112
Andhra Pradesh,1997,RICE,2306.2445454545455,24.1,1183.1,9.651764705882353
Andhra Pradesh,1997,WHEAT,0.0,24.1,1183.1,8.236971830985917
Andhra Pradesh,1998,RICE,2659.7381818181816,24.76,1208.8,10.12457627118644
Andhra Pradesh,1998,WHEAT,0.0,24.76,1208.8,8.37578125
Andhra Pradesh,1999,RICE,2584.533636363636,24.67,1116.6,11.211920529801324
Andhra Pradesh,1999,WHEAT,183.40727272727273,24.67,1116.6,8.446907216494846
Andhra Pradesh,2000,RICE,2812.86,24.6,1035.4,189.74509615384616
Andhra Pradesh,2000,WHEAT,156.81454545454545,24.6,1035.4,217.5082142857143
Andhra Pradesh,2001,RICE,2898.49,24.73,1105.2,317.0544628099173
Andhra Pradesh,2001,WHEAT,284.1209090909091,24.73,1105.2,297.337476635514
Andhra Pradesh,2002,RICE,2521.5836363636363,25.0,981.9,185.70395
Andhra Pradesh,2002,WHEAT,90.9090909090909,25.0,981.9,190.05263803680984
Andhra Pradesh,2003,RICE,2697.1045454545456,24.72,1243.6,169.545023923445
Andhra Pradesh,2003,WHEAT,77.00272727272727,24.72,1243.6,200.34888268156422
Andhra Pradesh,2004,RICE,3121.2,24.74,1080.5,174.05342857142858
Andhra Pradesh,2004,WHEAT,41.95818181818182,24.74,1080.5,179.02728323699424
Andhra Pradesh,2005,RICE,2713.6736363636364,24.58,1208.3,195.1978672985782
Andhra Pradesh,2005,WHEAT,165.14090909090908,24.58,1208.3,193.11111111111111
Andhra Pradesh,2006,RICE,2945.995454545455,25.06,1161.6,205.6992574257426
Andhra Pradesh,2006,WHEAT,78.65,25.06,1161.6,271.853355704698
Andhra Pradesh,2007,RICE,3273.420909090909,24.77,1179.3,244.2698598130841
Andhra Pradesh,2007,WHEAT,94.11818181818181,24.77,1179.3,274.2955089820359
Andhra Pradesh,2008,RICE,3053.2981818181815,24.61,1118.0,284.3450717703349
Andhra Pradesh,2008,WHEAT,235.30363636363637,24.61,1118.0,283.24833333333333
Andhra Pradesh,2009,RICE,3064.878181818182,25.11,953.7,289.0935616438356
Andhra Pradesh,2009,WHEAT,213.03999999999996,25.11,953.7,314.99051428571426
Andhra Pradesh,2010,RICE,2726.732727272727,25.13,1215.5,372.58258706467666
Andhra Pradesh,2010,WHEAT,523.1018181818182,25.13,1215.5,193.7052896206998
Andhra Pradesh,2010,WHEAT,523.1018181818182,25.13,1215.5,193.7052896206998
Andhra Pradesh,2011,RICE,3143.25,24.67,1116.3,204.04602325581394
Andhra Pradesh,2011,WHEAT,303.7190909090909,24.67,1116.3,90.98619874171442
Andhra Pradesh,2011,WHEAT,303.7190909090909,24.67,1116.3,90.98619874171442
Andhra Pradesh,2012,RICE,3089.7445454545455,24.69,1054.7,207.63782340862423
Andhra Pradesh,2012,WHEAT,228.06272727272724,24.69,1054.7,92.77208475854454
Andhra Pradesh,2012,WHEAT,228.06272727272724,24.69,1054.7,92.77208475854454
Andhra Pradesh,2013,RICE,2989.978181818182,24.82,1092.5,217.750375782881
Andhra Pradesh,2013,WHEAT,218.85545454545453,24.82,1092.5,96.07897122744738
Andhra Pradesh,2013,WHEAT,218.85545454545453,24.82,1092.5,96.07897122744738
Andhra Pradesh,2014,RICE,3375.668181818182,24.73,1045.2,233.43263052208835
Andhra Pradesh,2014,WHEAT,176.4309090909091,24.73,1045.2,105.29849701552318
Andhra Pradesh,2014,WHEAT,176.4309090909091,24.73,1045.2,105.29849701552318
Andhra Pradesh,2015,RICE,3312.2481818181814,24.91,1189.2,168.7520731707317
Andhra Pradesh,2015,WHEAT,110.39,24.91,1189.2,83.93102891185745
Andhra Pradesh,2015,WHEAT,110.39,24.91,1189.2,83.93102891185745
Andhra Pradesh,2016,RICE,3594.3927272727274,25.15,1198.8,195.1772340425532
Andhra Pradesh,2016,WHEAT,392.04545454545456,25.15,1198.8,94.71992717030943
Andhra Pradesh,2016,WHEAT,392.04545454545456,25.15,1198.8,94.71992717030943
Andhra Pradesh,2017,RICE,3556.9527272727278,24.79,1211.0,225.74460288808663
Andhra Pradesh,2017,WHEAT,441.0718181818182,24.79,1211.0,108.78143520948656
Andhra Pradesh,2017,WHEAT,441.0718181818182,24.79,1211.0,108.78143520948656
Assam,1994,RICE,1555.279,24.46,1295.3,7.85
Assam,1994,WHEAT,1335.141,24.46,1295.3,5.989108910891089
Assam,1995,RICE,1456.534,25.29,1242.4,8.119642857142857
Assam,1995,WHEAT,1128.766,25.29,1242.4,5.947260273972603
Assam,1996,RICE,1418.191,24.55,1182.9,8.976589595375723
Assam,1996,WHEAT,1289.949,24.55,1182.9,7.398611111111112
Assam,1997,RICE,1414.138,24.1,1183.1,9.651764705882353
Assam,1997,WHEAT,1252.349,24.1,1183.1,8.236971830985917
Assam,1998,RICE,1397.165,24.76,1208.8,10.12457627118644
Assam,1998,WHEAT,991.979,24.76,1208.8,8.37578125
Assam,1999,RICE,1494.75,24.67,1116.6,11.211920529801324
Assam,1999,WHEAT,1237.5700000000002,24.67,1116.6,8.446907216494846
Assam,2000,RICE,1549.3799999999999,24.6,1035.4,189.74509615384616
Assam,2000,WHEAT,1181.3780000000002,24.6,1035.4,217.5082142857143
Assam,2001,RICE,1562.55,24.73,1105.2,317.0544628099173
Assam,2001,WHEAT,1205.233,24.73,1105.2,297.337476635514
Assam,2002,RICE,1507.0430000000001,25.0,981.9,185.70395
Assam,2002,WHEAT,1052.272,25.0,981.9,190.05263803680984
Assam,2003,RICE,1541.929,24.72,1243.6,169.545023923445
Assam,2003,WHEAT,1059.075,24.72,1243.6,200.34888268156422
Assam,2004,RICE,1501.172,24.74,1080.5,174.05342857142858
Assam,2004,WHEAT,984.132,24.74,1080.5,179.02728323699424
Assam,2005,RICE,1497.531,24.58,1208.3,195.1978672985782
Assam,2005,WHEAT,1021.9889999999999,24.58,1208.3,193.11111111111111
Assam,2006,RICE,1343.932,25.06,1161.6,205.6992574257426
Assam,2006,WHEAT,1063.183,25.06,1161.6,271.853355704698
Assam,2007,RICE,1465.837,24.77,1179.3,244.2698598130841
Assam,2007,WHEAT,1172.5030000000002,24.77,1179.3,274.2955089820359
Assam,2008,RICE,1640.982,24.61,1118.0,284.3450717703349
Assam,2008,WHEAT,1015.5469999999999,24.61,1118.0,283.24833333333333
Assam,2009,RICE,1792.33,25.11,953.7,289.0935616438356
Assam,2009,WHEAT,1085.972,25.11,953.7,314.99051428571426
Assam,2010,RICE,1923.6680000000001,25.13,1215.5,372.58258706467666
Assam,2010,WHEAT,1178.949,25.13,1215.5,193.7052896206998
Assam,2010,WHEAT,1178.949,25.13,1215.5,193.7052896206998
Assam,2011,RICE,1864.1689999999999,24.67,1116.3,204.04602325581394
Assam,2011,WHEAT,1136.29,24.67,1116.3,90.98619874171442
Assam,2011,WHEAT,1136.29,24.67,1116.3,90.98619874171442
Assam,2012,RICE,2049.323,24.69,1054.7,207.63782340862423
Assam,2012,WHEAT,1057.199,24.69,1054.7,92.77208475854454
Assam,2012,WHEAT,1057.199,24.69,1054.7,92.77208475854454
Assam,2013,RICE,2020.4060000000002,24.82,1092.5,217.750375782881
Assam,2013,WHEAT,1018.927,24.82,1092.5,96.07897122744738
Assam,2013,WHEAT,1018.927,24.82,1092.5,96.07897122744738
Assam,2014,RICE,2065.41,24.73,1045.2,233.43263052208835
Assam,2014,WHEAT,1059.864,24.73,1045.2,105.29849701552318
Assam,2014,WHEAT,1059.864,24.73,1045.2,105.29849701552318
Assam,2015,RICE,2029.5369999999998,24.91,1189.2,168.7520731707317
Assam,2015,WHEAT,929.2719999999999,24.91,1189.2,83.93102891185745
Assam,2015,WHEAT,929.2719999999999,24.91,1189.2,83.93102891185745
Assam,2016,RICE,2035.486,25.15,1198.8,195.1772340425532
Assam,2016,WHEAT,1147.714,25.15,1198.8,94.71992717030943
Assam,2016,WHEAT,1147.714,25.15,1198.8,94.71992717030943
Assam,2017,RICE,2119.7,24.79,1211.0,225.74460288808663
Assam,2017,WHEAT,1200.012,24.79,1211.0,108.78143520948656
Assam,2017,WHEAT,1200.012,24.79,1211.0,108.78143520948656
Bihar,1994,RICE,1299.1354545454544,24.46,1295.3,7.85
Bihar,1994,WHEAT,2008.7536363636364,24.46,1295.3,5.989108910891089
Bihar,1995,RICE,1308.8718181818183,25.29,1242.4,8.119642857142857
Bihar,1995,WHEAT,1814.3863636363637,25.29,1242.4,5.947260273972603
Bihar,1996,RICE,1518.6781818181817,24.55,1182.9,8.976589595375723
Bihar,1996,WHEAT,2073.139090909091,24.55,1182.9,7.398611111111112
Bihar,1997,RICE,1443.989090909091,24.1,1183.1,9.651764705882353
Bihar,1997,WHEAT,1904.3472727272726,24.1,1183.1,8.236971830985917
Bihar,1998,RICE,1391.1554545454544,24.76,1208.8,10.12457627118644
Bihar,1998,WHEAT,2033.057272727273,24.76,1208.8,8.37578125
Bihar,1999,RICE,2022.2163636363637,24.67,1116.6,11.211920529801324
Bihar,1999,WHEAT,2136.3527272727274,24.67,1116.6,8.446907216494846
Bihar,2000,RICE,1413.0136363636364,24.6,1035.4,189.74509615384616
Bihar,2000,WHEAT,2095.8545454545456,24.6,1035.4,217.5082142857143
Bihar,2001,RICE,1398.0936363636363,24.73,1105.2,317.0544628099173
Bihar,2001,WHEAT,1985.4009090909092,24.73,1105.2,297.337476635514
Bihar,2002,RICE,1362.8527272727274,25.0,981.9,185.70395
Bihar,2002,WHEAT,1841.9909090909093,25.0,981.9,190.05263803680984
Bihar,2003,RICE,1465.6536363636365,24.72,1243.6,169.545023923445
Bihar,2003,WHEAT,1713.1490909090908,24.72,1243.6,200.34888268156422
Bihar,2004,RICE,761.0072727272727,24.74,1080.5,174.05342857142858
Bihar,2004,WHEAT,1550.2654545454548,24.74,1080.5,179.02728323699424
Bihar,2005,RICE,1077.4818181818182,24.58,1208.3,195.1978672985782
Bihar,2005,WHEAT,1363.2018181818182,24.58,1208.3,193.11111111111111
Bihar,2006,RICE,1538.7454545454545,25.06,1161.6,205.6992574257426
Bihar,2006,WHEAT,1936.3390909090908,25.06,1161.6,271.853355704698
Bihar,2007,RICE,1219.200909090909,24.77,1179.3,244.2698598130841
Bihar,2007,WHEAT,2263.6245454545456,24.77,1179.3,274.2955089820359
Bihar,2008,RICE,1513.0545454545454,24.61,1118.0,284.3450717703349
Bihar,2008,WHEAT,2013.1372727272726,24.61,1118.0,283.24833333333333
Bihar,2009,RICE,1119.7218181818182,25.11,953.7,289.0935616438356
Bihar,2009,WHEAT,2023.3,25.11,953.7,314.99051428571426
Bihar,2010,RICE,1079.6881818181819,25.13,1215.5,372.58258706467666
Bihar,2010,WHEAT,2346.685454545455,25.13,1215.5,193.7052896206998
Bihar,2010,WHEAT,2346.685454545455,25.13,1215.5,193.7052896206998
Bihar,2011,RICE,2447.11,24.67,1116.3,204.04602325581394
Bihar,2011,WHEAT,3034.781818181818,24.67,1116.3,90.98619874171442
Bihar,2011,WHEAT,3034.781818181818,24.67,1116.3,90.98619874171442
Bihar,2012,RICE,2439.843636363636,24.69,1054.7,207.63782340862423
Bihar,2012,WHEAT,2756.122727272727,24.69,1054.7,92.77208475854454
Bihar,2012,WHEAT,2756.122727272727,24.69,1054.7,92.77208475854454
Bihar,2013,RICE,2057.1336363636365,24.82,1092.5,217.750375782881
Bihar,2013,WHEAT,2831.7663636363636,24.82,1092.5,96.07897122744738
Bihar,2013,WHEAT,2831.7663636363636,24.82,1092.5,96.07897122744738
Bihar,2014,RICE,2503.4309090909087,24.73,1045.2,233.43263052208835
Bihar,2014,WHEAT,1630.1109090909092,24.73,1045.2,105.29849701552318
Bihar,2014,WHEAT,1630.1109090909092,24.73,1045.2,105.29849701552318
Bihar,2015,RICE,2132.7690909090907,24.91,1189.2,168.7520731707317
Bihar,2015,WHEAT,2292.1027272727274,24.91,1189.2,83.93102891185745
Bihar,2015,WHEAT,2292.1027272727274,24.91,1189.2,83.93102891185745
Bihar,2016,RICE,2479.7027272727273,25.15,1198.8,195.1772340425532
Bihar,2016,WHEAT,2797.1163636363635,25.15,1198.8,94.71992717030943
Bihar,2016,WHEAT,2797.1163636363635,25.15,1198.8,94.71992717030943
Bihar,2017,RICE,2429.4436363636364,24.79,1211.0,225.74460288808663
Bihar,2017,WHEAT,2874.510909090909,24.79,1211.0,108.78143520948656
Bihar,2017,WHEAT,2874.510909090909,24.79,1211.0,108.78143520948656
Chhattisgarh,1994,RICE,1306.5166666666667,24.46,1295.3,7.85
Chhattisgarh,1994,WHEAT,1219.9183333333333,24.46,1295.3,5.989108910891089
Chhattisgarh,1995,RICE,1183.34,25.29,1242.4,8.119642857142857
Chhattisgarh,1995,WHEAT,1225.2,25.29,1242.4,5.947260273972603
Chhattisgarh,1996,RICE,1283.2316666666666,24.55,1182.9,8.976589595375723
Chhattisgarh,1996,WHEAT,1260.935,24.55,1182.9,7.398611111111112
Chhattisgarh,1997,RICE,849.3183333333333,24.1,1183.1,9.651764705882353
Chhattisgarh,1997,WHEAT,989.62,24.1,1183.1,8.236971830985917
Chhattisgarh,1998,RICE,858.5066666666667,24.76,1208.8,10.12457627118644
Chhattisgarh,1998,WHEAT,1115.3516666666667,24.76,1208.8,8.37578125
Chhattisgarh,1999,RICE,1257.3583333333333,24.67,1116.6,11.211920529801324
Chhattisgarh,1999,WHEAT,0.0,24.67,1116.6,8.446907216494846
Chhattisgarh,2000,RICE,633.42,24.6,1035.4,189.74509615384616
Chhattisgarh,2000,WHEAT,1118.9266666666665,24.6,1035.4,217.5082142857143
Chhattisgarh,2001,RICE,1333.0166666666667,24.73,1105.2,317.0544628099173
Chhattisgarh,2001,WHEAT,1210.5466666666666,24.73,1105.2,297.337476635514
Chhattisgarh,2002,RICE,690.6016666666666,25.0,981.9,185.70395
Chhattisgarh,2002,WHEAT,1263.9333333333334,25.0,981.9,190.05263803680984
Chhattisgarh,2003,RICE,1435.9033333333334,24.72,1243.6,169.545023923445
Chhattisgarh,2003,WHEAT,1182.3033333333333,24.72,1243.6,200.34888268156422
Chhattisgarh,2004,RICE,1160.2133333333334,24.74,1080.5,174.05342857142858
Chhattisgarh,2004,WHEAT,1026.1299999999999,24.74,1080.5,179.02728323699424
Chhattisgarh,2005,RICE,1160.2133333333334,24.58,1208.3,195.1978672985782
Chhattisgarh,2005,WHEAT,1026.1299999999999,24.58,1208.3,193.11111111111111
Chhattisgarh,2006,RICE,1359.0716666666667,25.06,1161.6,205.6992574257426
Chhattisgarh,2006,WHEAT,1052.8516666666667,25.06,1161.6,271.853355704698
Chhattisgarh,2007,RICE,1403.995,24.77,1179.3,244.2698598130841
Chhattisgarh,2007,WHEAT,1308.3566666666666,24.77,1179.3,274.2955089820359
Chhattisgarh,2008,RICE,1192.5466666666669,24.61,1118.0,284.3450717703349
Chhattisgarh,2008,WHEAT,1167.7033333333331,24.61,1118.0,283.24833333333333
Chhattisgarh,2009,RICE,1091.8333333333333,25.11,953.7,289.0935616438356
Chhattisgarh,2009,WHEAT,1280.8266666666666,25.11,953.7,314.99051428571426
Chhattisgarh,2010,RICE,1600.635,25.13,1215.5,372.58258706467666
Chhattisgarh,2010,WHEAT,1385.4933333333336,25.13,1215.5,193.7052896206998
Chhattisgarh,2010,WHEAT,1385.4933333333336,25.13,1215.5,193.7052896206998
Chhattisgarh,2011,RICE,1564.3466666666666,24.67,1116.3,204.04602325581394
Chhattisgarh,2011,WHEAT,1509.3883333333333,24.67,1116.3,90.98619874171442
Chhattisgarh,2011,WHEAT,1509.3883333333333,24.67,1116.3,90.98619874171442
Chhattisgarh,2012,RICE,1913.1066666666666,24.69,1054.7,207.63782340862423
Chhattisgarh,2012,WHEAT,1628.7233333333334,24.69,1054.7,92.77208475854454
Chhattisgarh,2012,WHEAT,1628.7233333333334,24.69,1054.7,92.77208475854454
Chhattisgarh,2013,RICE,1758.0933333333332,24.82,1092.5,217.750375782881
Chhattisgarh,2013,WHEAT,1532.33,24.82,1092.5,96.07897122744738
Chhattisgarh,2013,WHEAT,1532.33,24.82,1092.5,96.07897122744738
Chhattisgarh,2014,RICE,1939.2250000000001,24.73,1045.2,233.43263052208835
Chhattisgarh,2014,WHEAT,1799.45,24.73,1045.2,105.29849701552318
Chhattisgarh,2014,WHEAT,1799.45,24.73,1045.2,105.29849701552318
Chhattisgarh,2015,RICE,1263.07,24.91,1189.2,168.7520731707317
Chhattisgarh,2015,WHEAT,1601.3883333333333,24.91,1189.2,83.93102891185745
Chhattisgarh,2015,WHEAT,1601.3883333333333,24.91,1189.2,83.93102891185745
Chhattisgarh,2016,RICE,2092.7816666666668,25.15,1198.8,195.1772340425532
Chhattisgarh,2016,WHEAT,1757.7616666666665,25.15,1198.8,94.71992717030943
Chhattisgarh,2016,WHEAT,1757.7616666666665,25.15,1198.8,94.71992717030943
Chhattisgarh,2017,RICE,1442.4983333333332,24.79,1211.0,225.74460288808663
Chhattisgarh,2017,WHEAT,1544.3149999999998,24.79,1211.0,108.78143520948656
Chhattisgarh,2017,WHEAT,1544.3149999999998,24.79,1211.0,108.78143520948656
Gujarat,1994,RICE,1056.2744444444443,24.46,1295.3,7.85
Gujarat,1994,WHEAT,2428.718888888889,24.46,1295.3,5.989108910891089
Gujarat,1995,RICE,1315.0838888888889,25.29,1242.4,8.119642857142857
Gujarat,1995,WHEAT,2095.7172222222225,25.29,1242.4,5.947260273972603
Gujarat,1996,RICE,1159.955,24.55,1182.9,8.976589595375723
Gujarat,1996,WHEAT,2347.5516666666667,24.55,1182.9,7.398611111111112
Gujarat,1997,RICE,1188.6855555555555,24.1,1183.1,9.651764705882353
Gujarat,1997,WHEAT,2328.0172222222222,24.1,1183.1,8.236971830985917
Gujarat,1998,RICE,1243.5211111111112,24.76,1208.8,10.12457627118644
Gujarat,1998,WHEAT,2507.557222222222,24.76,1208.8,8.37578125
Gujarat,1999,RICE,1126.8444444444444,24.67,1116.6,11.211920529801324
Gujarat,1999,WHEAT,2222.333888888889,24.67,1116.6,8.446907216494846
Gujarat,2000,RICE,659.7122222222222,24.6,1035.4,189.74509615384616
Gujarat,2000,WHEAT,2187.952222222222,24.6,1035.4,217.5082142857143
Gujarat,2001,RICE,992.2161111111111,24.73,1105.2,317.0544628099173
Gujarat,2001,WHEAT,2383.8866666666668,24.73,1105.2,297.337476635514
Gujarat,2002,RICE,872.9361111111111,25.0,981.9,185.70395
Gujarat,2002,WHEAT,2103.7083333333335,25.0,981.9,190.05263803680984
Gujarat,2003,RICE,1032.5255555555555,24.72,1243.6,169.545023923445
Gujarat,2003,WHEAT,2392.967777777778,24.72,1243.6,200.34888268156422
Gujarat,2004,RICE,983.6694444444444,24.74,1080.5,174.05342857142858
Gujarat,2004,WHEAT,2379.031111111111,24.74,1080.5,179.02728323699424
Gujarat,2005,RICE,1149.9772222222223,24.58,1208.3,195.1978672985782
Gujarat,2005,WHEAT,2611.397777777778,24.58,1208.3,193.11111111111111
Gujarat,2006,RICE,998.2122222222222,25.06,1161.6,205.6992574257426
Gujarat,2006,WHEAT,2593.518888888889,25.06,1161.6,271.853355704698
Gujarat,2007,RICE,1131.141111111111,24.77,1179.3,244.2698598130841
Gujarat,2007,WHEAT,2962.195555555556,24.77,1179.3,274.2955089820359
Gujarat,2008,RICE,984.4816666666668,24.61,1118.0,284.3450717703349
Gujarat,2008,WHEAT,2374.952222222222,24.61,1118.0,283.24833333333333
Gujarat,2009,RICE,1036.7772222222222,25.11,953.7,289.0935616438356
Gujarat,2009,WHEAT,2653.42,25.11,953.7,314.99051428571426
Gujarat,2010,RICE,1045.095,25.13,1215.5,372.58258706467666
Gujarat,2010,WHEAT,3065.43,25.13,1215.5,193.7052896206998
Gujarat,2010,WHEAT,3065.43,25.13,1215.5,193.7052896206998
Gujarat,2011,RICE,1364.1427777777778,24.67,1116.3,204.04602325581394
Gujarat,2011,WHEAT,3022.7944444444447,24.67,1116.3,90.98619874171442
Gujarat,2011,WHEAT,3022.7944444444447,24.67,1116.3,90.98619874171442
Gujarat,2012,RICE,1214.5211111111112,24.69,1054.7,207.63782340862423
Gujarat,2012,WHEAT,2921.0655555555554,24.69,1054.7,92.77208475854454
Gujarat,2012,WHEAT,2921.0655555555554,24.69,1054.7,92.77208475854454
Gujarat,2013,RICE,1218.1255555555556,24.82,1092.5,217.750375782881
Gujarat,2013,WHEAT,3139.9783333333335,24.82,1092.5,96.07897122744738
Gujarat,2013,WHEAT,3139.9783333333335,24.82,1092.5,96.07897122744738
Gujarat,2014,RICE,1102.7344444444445,24.73,1045.2,233.43263052208835
Gujarat,2014,WHEAT,2769.625,24.73,1045.2,105.29849701552318
Gujarat,2014,WHEAT,2769.625,24.73,1045.2,105.29849701552318
Gujarat,2015,RICE,1334.095,24.91,1189.2,168.7520731707317
Gujarat,2015,WHEAT,2689.83,24.91,1189.2,83.93102891185745
Gujarat,2015,WHEAT,2689.83,24.91,1189.2,83.93102891185745
Gujarat,2016,RICE,1349.2655555555555,25.15,1198.8,195.1772340425532
Gujarat,2016,WHEAT,2715.320555555556,25.15,1198.8,94.71992717030943
Gujarat,2016,WHEAT,2715.320555555556,25.15,1198.8,94.71992717030943
Gujarat,2017,RICE,1316.915,24.79,1211.0,225.74460288808663
Gujarat,2017,WHEAT,2870.382222222222,24.79,1211.0,108.78143520948656
Gujarat,2017,WHEAT,2870.382222222222,24.79,1211.0,108.78143520948656
Haryana,1994,RICE,2444.9514285714286,24.46,1295.3,7.85
Haryana,1994,WHEAT,3599.25,24.46,1295.3,5.989108910891089
Haryana,1995,RICE,1932.1314285714286,25.29,1242.4,8.119642857142857
Haryana,1995,WHEAT,3642.662857142857,25.29,1242.4,5.947260273972603
Haryana,1996,RICE,2522.155714285714,24.55,1182.9,8.976589595375723
Haryana,1996,WHEAT,3821.7442857142855,24.55,1182.9,7.398611111111112
Haryana,1997,RICE,2660.727142857143,24.1,1183.1,9.651764705882353
Haryana,1997,WHEAT,3612.308571428571,24.1,1183.1,8.236971830985917
Haryana,1998,RICE,2238.3,24.76,1208.8,10.12457627118644
Haryana,1998,WHEAT,3854.9399999999996,24.76,1208.8,8.37578125
Haryana,1999,RICE,2232.7242857142855,24.67,1116.6,11.211920529801324
Haryana,1999,WHEAT,4091.5142857142855,24.67,1116.6,8.446907216494846
Haryana,2000,RICE,2541.3885714285716,24.6,1035.4,189.74509615384616
Haryana,2000,WHEAT,3995.597142857143,24.6,1035.4,217.5082142857143
Haryana,2001,RICE,2660.5685714285714,24.73,1105.2,317.0544628099173
Haryana,2001,WHEAT,4005.0528571428576,24.73,1105.2,297.337476635514
Haryana,2002,RICE,2600.3114285714287,25.0,981.9,185.70395
Haryana,2002,WHEAT,3977.9571428571426,25.0,981.9,190.05263803680984
Haryana,2003,RICE,2692.7442857142855,24.72,1243.6,169.545023923445
Haryana,2003,WHEAT,3837.6814285714286,24.72,1243.6,200.34888268156422
Haryana,2004,RICE,2588.7485714285717,24.74,1080.5,174.05342857142858
Haryana,2004,WHEAT,3815.7742857142853,24.74,1080.5,179.02728323699424
Haryana,2005,RICE,2844.197142857143,24.58,1208.3,195.1978672985782
Haryana,2005,WHEAT,3810.1814285714286,24.58,1208.3,193.11111111111111
Haryana,2006,RICE,2953.9500000000003,25.06,1161.6,205.6992574257426
Haryana,2006,WHEAT,4098.142857142857,25.06,1161.6,271.853355704698
Haryana,2007,RICE,3176.032857142857,24.77,1179.3,244.2698598130841
Haryana,2007,WHEAT,4068.8214285714284,24.77,1179.3,274.2955089820359
Haryana,2008,RICE,2604.2785714285715,24.61,1118.0,284.3450717703349
Haryana,2008,WHEAT,4495.487142857143,24.61,1118.0,283.24833333333333
Haryana,2009,RICE,2835.9514285714286,25.11,953.7,289.0935616438356
Haryana,2009,WHEAT,4180.192857142857,25.11,953.7,314.99051428571426
Haryana,2010,RICE,2689.085714285714,25.13,1215.5,372.58258706467666
Haryana,2010,WHEAT,4526.955714285715,25.13,1215.5,193.7052896206998
Haryana,2010,WHEAT,4526.955714285715,25.13,1215.5,193.7052896206998
Haryana,2011,RICE,2924.0914285714284,24.67,1116.3,204.04602325581394
Haryana,2011,WHEAT,5086.932857142857,24.67,1116.3,90.98619874171442
Haryana,2011,WHEAT,5086.932857142857,24.67,1116.3,90.98619874171442
Haryana,2012,RICE,3086.5614285714287,24.69,1054.7,207.63782340862423
Haryana,2012,WHEAT,4410.357142857143,24.69,1054.7,92.77208475854454
Haryana,2012,WHEAT,4410.357142857143,24.69,1054.7,92.77208475854454
Haryana,2013,RICE,3031.7514285714283,24.82,1092.5,217.750375782881
Haryana,2013,WHEAT,4636.885714285714,24.82,1092.5,96.07897122744738
Haryana,2013,WHEAT,4636.885714285714,24.82,1092.5,96.07897122744738
Haryana,2014,RICE,2861.6457142857143,24.73,1045.2,233.43263052208835
Haryana,2014,WHEAT,3815.7657142857142,24.73,1045.2,105.29849701552318
Haryana,2014,WHEAT,3815.7657142857142,24.73,1045.2,105.29849701552318
Haryana,2015,RICE,2847.07,24.91,1189.2,168.7520731707317
Haryana,2015,WHEAT,4310.851428571428,24.91,1189.2,83.93102891185745
Haryana,2015,WHEAT,4310.851428571428,24.91,1189.2,83.93102891185745
Haryana,2016,RICE,2947.7599999999998,25.15,1198.8,195.1772340425532
Haryana,2016,WHEAT,4759.575714285714,25.15,1198.8,94.71992717030943
Haryana,2016,WHEAT,4759.575714285714,25.15,1198.8,94.71992717030943
Haryana,2017,RICE,3135.6857142857143,24.79,1211.0,225.74460288808663
Haryana,2017,WHEAT,4759.321428571428,24.79,1211.0,108.78143520948656
Haryana,2017,WHEAT,4759.321428571428,24.79,1211.0,108.78143520948656
Himachal Pradesh,1994,RICE,1110.291,24.46,1295.3,7.85
Himachal Pradesh,1994,WHEAT,1523.587,24.46,1295.3,5.989108910891089
Himachal Pradesh,1995,RICE,1266.4389999999999,25.29,1242.4,8.119642857142857
Himachal Pradesh,1995,WHEAT,1443.661,25.29,1242.4,5.947260273972603
Himachal Pradesh,1996,RICE,1210.078,24.55,1182.9,8.976589595375723
Himachal Pradesh,1996,WHEAT,1491.636,24.55,1182.9,7.398611111111112
Himachal Pradesh,1997,RICE,1345.09,24.1,1183.1,9.651764705882353
Himachal Pradesh,1997,WHEAT,1736.6260000000002,24.1,1183.1,8.236971830985917
Himachal Pradesh,1998,RICE,1257.286,24.76,1208.8,10.12457627118644
Himachal Pradesh,1998,WHEAT,1336.897,24.76,1208.8,8.37578125
Himachal Pradesh,1999,RICE,1347.3790000000001,24.67,1116.6,11.211920529801324
Himachal Pradesh,1999,WHEAT,1575.085,24.67,1116.6,8.446907216494846
Himachal Pradesh,2000,RICE,1422.678,24.6,1035.4,189.74509615384616
Himachal Pradesh,2000,WHEAT,986.5459999999999,24.6,1035.4,217.5082142857143
Himachal Pradesh,2001,RICE,1436.783,24.73,1105.2,317.0544628099173
Himachal Pradesh,2001,WHEAT,1745.961,24.73,1105.2,297.337476635514
Himachal Pradesh,2002,RICE,1038.956,25.0,981.9,185.70395
Himachal Pradesh,2002,WHEAT,1365.873,25.0,981.9,190.05263803680984
Himachal Pradesh,2003,RICE,1295.149,24.72,1243.6,169.545023923445
Himachal Pradesh,2003,WHEAT,1353.678,24.72,1243.6,200.34888268156422
Himachal Pradesh,2004,RICE,1313.647,24.74,1080.5,174.05342857142858
Himachal Pradesh,2004,WHEAT,1820.7869999999998,24.74,1080.5,179.02728323699424
Himachal Pradesh,2005,RICE,1248.036,24.58,1208.3,195.1978672985782
Himachal Pradesh,2005,WHEAT,1111.701,24.58,1208.3,193.11111111111111
Himachal Pradesh,2006,RICE,1577.4950000000001,25.06,1161.6,205.6992574257426
Himachal Pradesh,2006,WHEAT,1619.1870000000001,25.06,1161.6,271.853355704698
Himachal Pradesh,2007,RICE,1519.825,24.77,1179.3,244.2698598130841
Himachal Pradesh,2007,WHEAT,1410.71,24.77,1179.3,274.2955089820359
Himachal Pradesh,2008,RICE,1343.197,24.61,1118.0,284.3450717703349
Himachal Pradesh,2008,WHEAT,1100.75,24.61,1118.0,283.24833333333333
Himachal Pradesh,2009,RICE,1235.482,25.11,953.7,289.0935616438356
Himachal Pradesh,2009,WHEAT,950.7909999999999,25.11,953.7,314.99051428571426
Himachal Pradesh,2010,RICE,1294.571,25.13,1215.5,372.58258706467666
Himachal Pradesh,2010,WHEAT,1531.014,25.13,1215.5,193.7052896206998
Himachal Pradesh,2010,WHEAT,1531.014,25.13,1215.5,193.7052896206998
Himachal Pradesh,2011,RICE,1276.044,24.67,1116.3,204.04602325581394
Himachal Pradesh,2011,WHEAT,1447.1,24.67,1116.3,90.98619874171442
Himachal Pradesh,2011,WHEAT,1447.1,24.67,1116.3,90.98619874171442
Himachal Pradesh,2012,RICE,1307.554,24.69,1054.7,207.63782340862423
Himachal Pradesh,2012,WHEAT,1905.854,24.69,1054.7,92.77208475854454
Himachal Pradesh,2012,WHEAT,1905.854,24.69,1054.7,92.77208475854454
Himachal Pradesh,2013,RICE,1396.907,24.82,1092.5,217.750375782881
Himachal Pradesh,2013,WHEAT,808.357,24.82,1092.5,96.07897122744738
Himachal Pradesh,2013,WHEAT,808.357,24.82,1092.5,96.07897122744738
Himachal Pradesh,2014,RICE,1515.6399999999999,24.73,1045.2,233.43263052208835
Himachal Pradesh,2014,WHEAT,1880.0,24.73,1045.2,105.29849701552318
Himachal Pradesh,2014,WHEAT,1880.0,24.73,1045.2,105.29849701552318
Himachal Pradesh,2015,RICE,1448.306,24.91,1189.2,168.7520731707317
Himachal Pradesh,2015,WHEAT,1661.461,24.91,1189.2,83.93102891185745
Himachal Pradesh,2015,WHEAT,1661.461,24.91,1189.2,83.93102891185745
Himachal Pradesh,2016,RICE,1345.463,25.15,1198.8,195.1772340425532
Himachal Pradesh,2016,WHEAT,1045.2440000000001,25.15,1198.8,94.71992717030943
Himachal Pradesh,2016,WHEAT,1045.2440000000001,25.15,1198.8,94.71992717030943
Himachal Pradesh,2017,RICE,1406.924,24.79,1211.0,225.74460288808663
Himachal Pradesh,2017,WHEAT,1647.225,24.79,1211.0,108.78143520948656
Himachal Pradesh,2017,WHEAT,1647.225,24.79,1211.0,108.78143520948656
Jharkhand,1994,RICE,1139.8483333333334,24.46,1295.3,7.85
Jharkhand,1994,WHEAT,1534.8400000000001,24.46,1295.3,5.989108910891089
Jharkhand,1997,RICE,1138.045,24.1,1183.1,9.651764705882353
Jharkhand,1997,WHEAT,1557.0316666666668,24.1,1183.1,8.236971830985917
Jharkhand,1998,RICE,0.0,24.76,1208.8,10.12457627118644
Jharkhand,1998,WHEAT,0.0,24.76,1208.8,8.37578125
Jharkhand,1999,RICE,881.0016666666667,24.67,1116.6,11.211920529801324
Jharkhand,1999,WHEAT,0.0,24.67,1116.6,8.446907216494846
Jharkhand,2000,RICE,1551.4283333333333,24.6,1035.4,189.74509615384616
Jharkhand,2000,WHEAT,1643.9483333333335,24.6,1035.4,217.5082142857143
Jharkhand,2001,RICE,1788.965,24.73,1105.2,317.0544628099173
Jharkhand,2001,WHEAT,1714.45,24.73,1105.2,297.337476635514
Jharkhand,2002,RICE,1378.9766666666667,25.0,981.9,185.70395
Jharkhand,2002,WHEAT,1136.5183333333334,25.0,981.9,190.05263803680984
Jharkhand,2003,RICE,1458.6833333333334,24.72,1243.6,169.545023923445
Jharkhand,2003,WHEAT,1308.5883333333334,24.72,1243.6,200.34888268156422
Jharkhand,2004,RICE,1308.7566666666667,24.74,1080.5,174.05342857142858
Jharkhand,2004,WHEAT,1228.6466666666668,24.74,1080.5,179.02728323699424
Jharkhand,2005,RICE,782.7116666666667,24.58,1208.3,195.1978672985782
Jharkhand,2005,WHEAT,955.2866666666667,24.58,1208.3,193.11111111111111
Jharkhand,2006,RICE,1878.325,25.06,1161.6,205.6992574257426
Jharkhand,2006,WHEAT,1264.7916666666667,25.06,1161.6,271.853355704698
Jharkhand,2007,RICE,1852.43,24.77,1179.3,244.2698598130841
Jharkhand,2007,WHEAT,1327.79,24.77,1179.3,274.2955089820359
Jharkhand,2008,RICE,2209.2599999999998,24.61,1118.0,284.3450717703349
Jharkhand,2008,WHEAT,1371.6783333333333,24.61,1118.0,283.24833333333333
Jharkhand,2009,RICE,841.7199999999999,25.11,953.7,289.0935616438356
Jharkhand,2009,WHEAT,1241.8100000000002,25.11,953.7,314.99051428571426
Jharkhand,2010,RICE,898.0533333333333,25.13,1215.5,372.58258706467666
Jharkhand,2010,WHEAT,1063.7583333333334,25.13,1215.5,193.7052896206998
Jharkhand,2010,WHEAT,1063.7583333333334,25.13,1215.5,193.7052896206998
Jharkhand,2011,RICE,2205.1433333333334,24.67,1116.3,204.04602325581394
Jharkhand,2011,WHEAT,1536.2883333333332,24.67,1116.3,90.98619874171442
Jharkhand,2011,WHEAT,1536.2883333333332,24.67,1116.3,90.98619874171442
Jharkhand,2012,RICE,1948.07,24.69,1054.7,207.63782340862423
Jharkhand,2012,WHEAT,1767.3033333333333,24.69,1054.7,92.77208475854454
Jharkhand,2012,WHEAT,1767.3033333333333,24.69,1054.7,92.77208475854454
Jharkhand,2013,RICE,2107.56,24.82,1092.5,217.750375782881
Jharkhand,2013,WHEAT,1622.3333333333333,24.82,1092.5,96.07897122744738
Jharkhand,2013,WHEAT,1622.3333333333333,24.82,1092.5,96.07897122744738
Jharkhand,2014,RICE,2072.9933333333333,24.73,1045.2,233.43263052208835
Jharkhand,2014,WHEAT,1476.9650000000001,24.73,1045.2,105.29849701552318
Jharkhand,2014,WHEAT,1476.9650000000001,24.73,1045.2,105.29849701552318
Jharkhand,2015,RICE,977.9250000000001,24.91,1189.2,168.7520731707317
Jharkhand,2015,WHEAT,1481.8500000000001,24.91,1189.2,83.93102891185745
Jharkhand,2015,WHEAT,1481.8500000000001,24.91,1189.2,83.93102891185745
Jharkhand,2016,RICE,1962.795,25.15,1198.8,195.1772340425532
Jharkhand,2016,WHEAT,2041.5483333333334,25.15,1198.8,94.71992717030943
Jharkhand,2016,WHEAT,2041.5483333333334,25.15,1198.8,94.71992717030943
Jharkhand,2017,RICE,2006.0283333333334,24.79,1211.0,225.74460288808663
Jharkhand,2017,WHEAT,0.0,24.79,1211.0,108.78143520948656
Jharkhand,2017,WHEAT,0.0,24.79,1211.0,108.78143520948656
Karnataka,1994,RICE,2219.2094736842105,24.46,1295.3,7.85
Karnataka,1994,WHEAT,623.9805263157896,24.46,1295.3,5.989108910891089
Karnataka,1995,RICE,2277.898947368421,25.29,1242.4,8.119642857142857
Karnataka,1995,WHEAT,526.4468421052632,25.29,1242.4,5.947260273972603
Karnataka,1996,RICE,2250.3873684210525,24.55,1182.9,8.976589595375723
Karnataka,1996,WHEAT,645.4542105263157,24.55,1182.9,7.398611111111112
Karnataka,1997,RICE,2234.6400000000003,24.1,1183.1,9.651764705882353
Karnataka,1997,WHEAT,266.2784210526316,24.1,1183.1,8.236971830985917
Karnataka,1998,RICE,2344.1463157894736,24.76,1208.8,10.12457627118644
Karnataka,1998,WHEAT,489.87315789473683,24.76,1208.8,8.37578125
Karnataka,1999,RICE,2334.8915789473685,24.67,1116.6,11.211920529801324
Karnataka,1999,WHEAT,542.4094736842105,24.67,1116.6,8.446907216494846
Karnataka,2000,RICE,2413.3584210526315,24.6,1035.4,189.74509615384616
Karnataka,2000,WHEAT,389.2715789473684,24.6,1035.4,217.5082142857143
Karnataka,2001,RICE,2154.023157894737,24.73,1105.2,317.0544628099173
Karnataka,2001,WHEAT,385.098947368421,24.73,1105.2,297.337476635514
Karnataka,2002,RICE,1994.0357894736842,25.0,981.9,185.70395
Karnataka,2002,WHEAT,255.8657894736842,25.0,981.9,190.05263803680984
Karnataka,2003,RICE,2233.8257894736844,24.72,1243.6,169.545023923445
Karnataka,2003,WHEAT,219.4373684210526,24.72,1243.6,200.34888268156422
Karnataka,2004,RICE,2622.3121052631577,24.74,1080.5,174.05342857142858
Karnataka,2004,WHEAT,405.9963157894737,24.74,1080.5,179.02728323699424
Karnataka,2005,RICE,2537.8857894736843,24.58,1208.3,195.1978672985782
Karnataka,2005,WHEAT,422.1821052631579,24.58,1208.3,193.11111111111111
Karnataka,2006,RICE,2370.1273684210523,25.06,1161.6,205.6992574257426
Karnataka,2006,WHEAT,384.60315789473685,25.06,1161.6,271.853355704698
Karnataka,2007,RICE,2547.8263157894735,24.77,1179.3,244.2698598130841
Karnataka,2007,WHEAT,531.4257894736842,24.77,1179.3,274.2955089820359
Karnataka,2008,RICE,2473.794736842105,24.61,1118.0,284.3450717703349
Karnataka,2008,WHEAT,959.0005263157896,24.61,1118.0,283.24833333333333
Karnataka,2009,RICE,2421.6605263157894,25.11,953.7,289.0935616438356
Karnataka,2009,WHEAT,458.7131578947368,25.11,953.7,314.99051428571426
Karnataka,2010,RICE,2581.0526315789475,25.13,1215.5,372.58258706467666
Karnataka,2010,WHEAT,569.5731578947368,25.13,1215.5,193.7052896206998
Karnataka,2010,WHEAT,569.5731578947368,25.13,1215.5,193.7052896206998
Karnataka,2011,RICE,2571.552105263158,24.67,1116.3,204.04602325581394
Karnataka,2011,WHEAT,456.9268421052632,24.67,1116.3,90.98619874171442
Karnataka,2011,WHEAT,456.9268421052632,24.67,1116.3,90.98619874171442
Karnataka,2012,RICE,2390.384736842105,24.69,1054.7,207.63782340862423
Karnataka,2012,WHEAT,396.2036842105263,24.69,1054.7,92.77208475854454
Karnataka,2012,WHEAT,396.2036842105263,24.69,1054.7,92.77208475854454
Karnataka,2013,RICE,2805.8405263157897,24.82,1092.5,217.750375782881
Karnataka,2013,WHEAT,471.7547368421053,24.82,1092.5,96.07897122744738
Karnataka,2013,WHEAT,471.7547368421053,24.82,1092.5,96.07897122744738
Karnataka,2014,RICE,2799.7236842105262,24.73,1045.2,233.43263052208835
Karnataka,2014,WHEAT,584.3894736842105,24.73,1045.2,105.29849701552318
Karnataka,2014,WHEAT,584.3894736842105,24.73,1045.2,105.29849701552318
Karnataka,2015,RICE,2508.338947368421,24.91,1189.2,168.7520731707317
Karnataka,2015,WHEAT,411.56105263157895,24.91,1189.2,83.93102891185745
Karnataka,2015,WHEAT,411.56105263157895,24.91,1189.2,83.93102891185745
Karnataka,2016,RICE,2456.6147368421052,25.15,1198.8,195.1772340425532
Karnataka,2016,WHEAT,407.4857894736842,25.15,1198.8,94.71992717030943
Karnataka,2016,WHEAT,407.4857894736842,25.15,1198.8,94.71992717030943
Karnataka,2017,RICE,2772.416842105263,24.79,1211.0,225.74460288808663
Karnataka,2017,WHEAT,576.6015789473685,24.79,1211.0,108.78143520948656
Karnataka,2017,WHEAT,576.6015789473685,24.79,1211.0,108.78143520948656
Kerala,1994,RICE,1879.396,24.46,1295.3,7.85
Kerala,1994,WHEAT,0.0,24.46,1295.3,5.989108910891089
Kerala,1995,RICE,2007.538,25.29,1242.4,8.119642857142857
Kerala,1995,WHEAT,0.0,25.29,1242.4,5.947260273972603
Kerala,1996,RICE,1940.4779999999998,24.55,1182.9,8.976589595375723
Kerala,1996,WHEAT,0.0,24.55,1182.9,7.398611111111112
Kerala,1997,RICE,1906.515,24.1,1183.1,9.651764705882353
Kerala,1997,WHEAT,0.0,24.1,1183.1,8.236971830985917
Kerala,1998,RICE,2024.1619999999998,24.76,1208.8,10.12457627118644
Kerala,1998,WHEAT,0.0,24.76,1208.8,8.37578125
Kerala,1999,RICE,2188.8869999999997,24.67,1116.6,11.211920529801324
Kerala,1999,WHEAT,0.0,24.67,1116.6,8.446907216494846
Kerala,2000,RICE,2133.805,24.6,1035.4,189.74509615384616
Kerala,2000,WHEAT,0.0,24.6,1035.4,217.5082142857143
Kerala,2001,RICE,2130.136,24.73,1105.2,317.0544628099173
Kerala,2001,WHEAT,0.0,24.73,1105.2,297.337476635514
Kerala,2002,RICE,2241.219,25.0,981.9,185.70395
Kerala,2002,WHEAT,0.0,25.0,981.9,190.05263803680984
Kerala,2003,RICE,2069.366,24.72,1243.6,169.545023923445
Kerala,2003,WHEAT,0.0,24.72,1243.6,200.34888268156422
Kerala,2004,RICE,2282.176,24.74,1080.5,174.05342857142858
Kerala,2004,WHEAT,0.0,24.74,1080.5,179.02728323699424
Kerala,2005,RICE,2248.259,24.58,1208.3,195.1978672985782
Kerala,2005,WHEAT,0.0,24.58,1208.3,193.11111111111111
Kerala,2006,RICE,2396.895,25.06,1161.6,205.6992574257426
Kerala,2006,WHEAT,0.0,25.06,1161.6,271.853355704698
Kerala,2007,RICE,2280.047,24.77,1179.3,244.2698598130841
Kerala,2007,WHEAT,0.0,24.77,1179.3,274.2955089820359
Kerala,2008,RICE,2434.312,24.61,1118.0,284.3450717703349
Kerala,2008,WHEAT,0.0,24.61,1118.0,283.24833333333333
Kerala,2009,RICE,2423.952,25.11,953.7,289.0935616438356
Kerala,2009,WHEAT,0.0,25.11,953.7,314.99051428571426
Kerala,2010,RICE,2368.275,25.13,1215.5,372.58258706467666
Kerala,2010,WHEAT,0.0,25.13,1215.5,193.7052896206998
Kerala,2010,WHEAT,0.0,25.13,1215.5,193.7052896206998
Kerala,2011,RICE,2614.356,24.67,1116.3,204.04602325581394
Kerala,2011,WHEAT,0.0,24.67,1116.3,90.98619874171442
Kerala,2011,WHEAT,0.0,24.67,1116.3,90.98619874171442
Kerala,2012,RICE,2495.019,24.69,1054.7,207.63782340862423
Kerala,2012,WHEAT,0.0,24.69,1054.7,92.77208475854454
Kerala,2012,WHEAT,0.0,24.69,1054.7,92.77208475854454
Kerala,2013,RICE,2704.681,24.82,1092.5,217.750375782881
Kerala,2013,WHEAT,0.0,24.82,1092.5,96.07897122744738
Kerala,2013,WHEAT,0.0,24.82,1092.5,96.07897122744738
Kerala,2014,RICE,2681.639,24.73,1045.2,233.43263052208835
Kerala,2014,WHEAT,0.0,24.73,1045.2,105.29849701552318
Kerala,2014,WHEAT,0.0,24.73,1045.2,105.29849701552318
Kerala,2015,RICE,2656.716,24.91,1189.2,168.7520731707317
Kerala,2015,WHEAT,0.0,24.91,1189.2,83.93102891185745
Kerala,2015,WHEAT,0.0,24.91,1189.2,83.93102891185745
Kerala,2016,RICE,2527.195,25.15,1198.8,195.1772340425532
Kerala,2016,WHEAT,200.0,25.15,1198.8,94.71992717030943
Kerala,2016,WHEAT,200.0,25.15,1198.8,94.71992717030943
Kerala,2017,RICE,2697.348,24.79,1211.0,225.74460288808663
Kerala,2017,WHEAT,200.0,24.79,1211.0,108.78143520948656
Kerala,2017,WHEAT,200.0,24.79,1211.0,108.78143520948656
Madhya Pradesh,1994,RICE,852.0378378378379,24.46,1295.3,7.85
Madhya Pradesh,1994,WHEAT,1847.2437837837838,24.46,1295.3,5.989108910891089
Madhya Pradesh,1995,RICE,633.3037837837838,25.29,1242.4,8.119642857142857
Madhya Pradesh,1995,WHEAT,1750.6205405405406,25.29,1242.4,5.947260273972603
Madhya Pradesh,1996,RICE,898.3013513513514,24.55,1182.9,8.976589595375723
Madhya Pradesh,1996,WHEAT,1866.2962162162164,24.55,1182.9,7.398611111111112
Madhya Pradesh,1997,RICE,781.5156756756758,24.1,1183.1,9.651764705882353
Madhya Pradesh,1997,WHEAT,1582.5021621621622,24.1,1183.1,8.236971830985917
Madhya Pradesh,1998,RICE,883.6981081081082,24.76,1208.8,10.12457627118644
Madhya Pradesh,1998,WHEAT,1672.1256756756757,24.76,1208.8,8.37578125
Madhya Pradesh,1999,RICE,979.2005405405405,24.67,1116.6,11.211920529801324
Madhya Pradesh,1999,WHEAT,1894.9421621621623,24.67,1116.6,8.446907216494846
Madhya Pradesh,2000,RICE,566.6183783783785,24.6,1035.4,189.74509615384616
Madhya Pradesh,2000,WHEAT,1474.287027027027,24.6,1035.4,217.5082142857143
Madhya Pradesh,2001,RICE,796.1856756756756,24.73,1105.2,317.0544628099173
Madhya Pradesh,2001,WHEAT,1629.8556756756757,24.73,1105.2,297.337476635514
Madhya Pradesh,2002,RICE,567.9405405405405,25.0,981.9,185.70395
Madhya Pradesh,2002,WHEAT,1500.9632432432431,25.0,981.9,190.05263803680984
Madhya Pradesh,2003,RICE,962.2508108108108,24.72,1243.6,169.545023923445
Madhya Pradesh,2003,WHEAT,1818.8856756756759,24.72,1243.6,200.34888268156422
Madhya Pradesh,2004,RICE,789.9332432432432,24.74,1080.5,174.05342857142858
Madhya Pradesh,2004,WHEAT,1721.1591891891892,24.74,1080.5,179.02728323699424
Madhya Pradesh,2005,RICE,851.5283783783783,24.58,1208.3,195.1978672985782
Madhya Pradesh,2005,WHEAT,1655.9478378378378,24.58,1208.3,193.11111111111111
Madhya Pradesh,2006,RICE,811.1835135135135,25.06,1161.6,205.6992574257426
Madhya Pradesh,2006,WHEAT,1751.5402702702702,25.06,1161.6,271.853355704698
Madhya Pradesh,2007,RICE,542.5151351351352,24.77,1179.3,244.2698598130841
Madhya Pradesh,2007,WHEAT,1536.7908108108109,24.77,1179.3,274.2955089820359
Madhya Pradesh,2008,RICE,568.51,24.61,1118.0,284.3450717703349
Madhya Pradesh,2008,WHEAT,1791.795945945946,24.61,1118.0,283.24833333333333
Madhya Pradesh,2009,RICE,861.5708108108108,25.11,953.7,289.0935616438356
Madhya Pradesh,2009,WHEAT,1949.678108108108,25.11,953.7,314.99051428571426
Madhya Pradesh,2010,RICE,1121.6245945945946,25.13,1215.5,372.58258706467666
Madhya Pradesh,2010,WHEAT,1896.3240540540542,25.13,1215.5,193.7052896206998
Madhya Pradesh,2010,WHEAT,1896.3240540540542,25.13,1215.5,193.7052896206998
Madhya Pradesh,2011,RICE,1273.3705405405406,24.67,1116.3,204.04602325581394
Madhya Pradesh,2011,WHEAT,2352.304324324324,24.67,1116.3,90.98619874171442
Madhya Pradesh,2011,WHEAT,2352.304324324324,24.67,1116.3,90.98619874171442
Madhya Pradesh,2012,RICE,1430.763243243243,24.69,1054.7,207.63782340862423
Madhya Pradesh,2012,WHEAT,2854.7308108108105,24.69,1054.7,92.77208475854454
Madhya Pradesh,2012,WHEAT,2854.7308108108105,24.69,1054.7,92.77208475854454
Madhya Pradesh,2013,RICE,1397.2475675675676,24.82,1092.5,217.750375782881
Madhya Pradesh,2013,WHEAT,2489.3272972972973,24.82,1092.5,96.07897122744738
Madhya Pradesh,2013,WHEAT,2489.3272972972973,24.82,1092.5,96.07897122744738
Madhya Pradesh,2014,RICE,1362.055945945946,24.73,1045.2,233.43263052208835
Madhya Pradesh,2014,WHEAT,2937.237297297297,24.73,1045.2,105.29849701552318
Madhya Pradesh,2014,WHEAT,2937.237297297297,24.73,1045.2,105.29849701552318
Madhya Pradesh,2015,RICE,1343.5175675675675,24.91,1189.2,168.7520731707317
Madhya Pradesh,2015,WHEAT,2926.8354054054057,24.91,1189.2,83.93102891185745
Madhya Pradesh,2015,WHEAT,2926.8354054054057,24.91,1189.2,83.93102891185745
Madhya Pradesh,2016,RICE,1669.0705405405406,25.15,1198.8,195.1772340425532
Madhya Pradesh,2016,WHEAT,3328.6281081081083,25.15,1198.8,94.71992717030943
Madhya Pradesh,2016,WHEAT,3328.6281081081083,25.15,1198.8,94.71992717030943
Madhya Pradesh,2017,RICE,1888.3764864864863,24.79,1211.0,225.74460288808663
Madhya Pradesh,2017,WHEAT,3355.4454054054054,24.79,1211.0,108.78143520948656
Madhya Pradesh,2017,WHEAT,3355.4454054054054,24.79,1211.0,108.78143520948656
Maharashtra,1994,RICE,1144.94,24.46,1295.3,7.85
Maharashtra,1994,WHEAT,1236.3592307692309,24.46,1295.3,5.989108910891089
Maharashtra,1995,RICE,1153.1326923076924,25.29,1242.4,8.119642857142857
Maharashtra,1995,WHEAT,1082.7311538461538,25.29,1242.4,5.947260273972603
Maharashtra,1996,RICE,1312.268076923077,24.55,1182.9,8.976589595375723
Maharashtra,1996,WHEAT,1250.8465384615383,24.55,1182.9,7.398611111111112
Maharashtra,1997,RICE,1149.6773076923077,24.1,1183.1,9.651764705882353
Maharashtra,1997,WHEAT,781.5884615384615,24.1,1183.1,8.236971830985917
Maharashtra,1998,RICE,1247.1215384615384,24.76,1208.8,10.12457627118644
Maharashtra,1998,WHEAT,1138.6776923076923,24.76,1208.8,8.37578125
Maharashtra,1999,RICE,1169.6857692307692,24.67,1116.6,11.211920529801324
Maharashtra,1999,WHEAT,1203.8592307692309,24.67,1116.6,8.446907216494846
Maharashtra,2000,RICE,983.6442307692307,24.6,1035.4,189.74509615384616
Maharashtra,2000,WHEAT,1083.23,24.6,1035.4,217.5082142857143
Maharashtra,2001,RICE,1251.1838461538462,24.73,1105.2,317.0544628099173
Maharashtra,2001,WHEAT,1156.323076923077,24.73,1105.2,297.337476635514
Maharashtra,2002,RICE,882.3496153846154,25.0,981.9,185.70395
Maharashtra,2002,WHEAT,1112.0838461538463,25.0,981.9,190.05263803680984
Maharashtra,2003,RICE,1149.8753846153845,24.72,1243.6,169.545023923445
Maharashtra,2003,WHEAT,1063.9334615384616,24.72,1243.6,200.34888268156422
Maharashtra,2004,RICE,982.8619230769231,24.74,1080.5,174.05342857142858
Maharashtra,2004,WHEAT,1114.1203846153846,24.74,1080.5,179.02728323699424
Maharashtra,2005,RICE,1105.2865384615384,24.58,1208.3,195.1978672985782
Maharashtra,2005,WHEAT,1197.3780769230768,24.58,1208.3,193.11111111111111
Maharashtra,2006,RICE,1082.45,25.06,1161.6,205.6992574257426
Maharashtra,2006,WHEAT,1306.7819230769232,25.06,1161.6,271.853355704698
Maharashtra,2007,RICE,1247.1192307692309,24.77,1179.3,244.2698598130841
Maharashtra,2007,WHEAT,1605.5934615384615,24.77,1179.3,274.2955089820359
Maharashtra,2008,RICE,990.5615384615384,24.61,1118.0,284.3450717703349
Maharashtra,2008,WHEAT,1298.2103846153846,24.61,1118.0,283.24833333333333
Maharashtra,2009,RICE,963.3415384615384,25.11,953.7,289.0935616438356
Maharashtra,2009,WHEAT,1361.904230769231,25.11,953.7,314.99051428571426
Maharashtra,2010,RICE,1032.201923076923,25.13,1215.5,372.58258706467666
Maharashtra,2010,WHEAT,1545.5803846153844,25.13,1215.5,193.7052896206998
Maharashtra,2010,WHEAT,1545.5803846153844,25.13,1215.5,193.7052896206998
Maharashtra,2011,RICE,1133.01,24.67,1116.3,204.04602325581394
Maharashtra,2011,WHEAT,1482.8476923076923,24.67,1116.3,90.98619874171442
Maharashtra,2011,WHEAT,1482.8476923076923,24.67,1116.3,90.98619874171442
Maharashtra,2012,RICE,1002.0407692307691,24.69,1054.7,207.63782340862423
Maharashtra,2012,WHEAT,1284.0130769230768,24.69,1054.7,92.77208475854454
Maharashtra,2012,WHEAT,1284.0130769230768,24.69,1054.7,92.77208475854454
Maharashtra,2013,RICE,1124.764,24.82,1092.5,217.750375782881
Maharashtra,2013,WHEAT,1319.5704,24.82,1092.5,96.07897122744738
Maharashtra,2013,WHEAT,1319.5704,24.82,1092.5,96.07897122744738
Maharashtra,2014,RICE,964.0128,24.73,1045.2,233.43263052208835
Maharashtra,2014,WHEAT,1122.6212,24.73,1045.2,105.29849701552318
Maharashtra,2014,WHEAT,1122.6212,24.73,1045.2,105.29849701552318
Maharashtra,2015,RICE,942.0916000000001,24.91,1189.2,168.7520731707317
Maharashtra,2015,WHEAT,1054.1644000000001,24.91,1189.2,83.93102891185745
Maharashtra,2015,WHEAT,1054.1644000000001,24.91,1189.2,83.93102891185745
Maharashtra,2016,RICE,1325.4830769230769,25.15,1198.8,195.1772340425532
Maharashtra,2016,WHEAT,1587.1092307692306,25.15,1198.8,94.71992717030943
Maharashtra,2016,WHEAT,1587.1092307692306,25.15,1198.8,94.71992717030943
Maharashtra,2017,RICE,1199.2204,24.79,1211.0,225.74460288808663
Maharashtra,2017,WHEAT,1448.9776000000002,24.79,1211.0,108.78143520948656
Maharashtra,2017,WHEAT,1448.9776000000002,24.79,1211.0,108.78143520948656
Orissa,1994,RICE,1390.0146153846154,24.46,1295.3,7.85
Orissa,1994,WHEAT,1654.2407692307693,24.46,1295.3,5.989108910891089
Orissa,1995,RICE,1325.1261538461538,25.29,1242.4,8.119642857142857
Orissa,1995,WHEAT,1677.6276923076923,25.29,1242.4,5.947260273972603
Orissa,1996,RICE,936.9546153846154,24.55,1182.9,8.976589595375723
Orissa,1996,WHEAT,1470.8823076923077,24.55,1182.9,7.398611111111112
Orissa,1997,RICE,1363.1876923076925,24.1,1183.1,9.651764705882353
Orissa,1997,WHEAT,1401.7184615384615,24.1,1183.1,8.236971830985917
Orissa,1998,RICE,1150.9,24.76,1208.8,10.12457627118644
Orissa,1998,WHEAT,1277.4761538461537,24.76,1208.8,8.37578125
Orissa,1999,RICE,1123.1138461538462,24.67,1116.6,11.211920529801324
Orissa,1999,WHEAT,1344.0969230769228,24.67,1116.6,8.446907216494846
Orissa,2000,RICE,986.0607692307693,24.6,1035.4,189.74509615384616
Orissa,2000,WHEAT,1227.3384615384616,24.6,1035.4,217.5082142857143
Orissa,2001,RICE,1556.8992307692306,24.73,1105.2,317.0544628099173
Orissa,2001,WHEAT,1384.586923076923,24.73,1105.2,297.337476635514
Orissa,2002,RICE,699.6930769230769,25.0,981.9,185.70395
Orissa,2002,WHEAT,1375.9284615384615,25.0,981.9,190.05263803680984
Orissa,2003,RICE,1486.9353846153847,24.72,1243.6,169.545023923445
Orissa,2003,WHEAT,1330.4138461538462,24.72,1243.6,200.34888268156422
Orissa,2004,RICE,1419.1846153846154,24.74,1080.5,174.05342857142858
Orissa,2004,WHEAT,1362.5784615384616,24.74,1080.5,179.02728323699424
Orissa,2005,RICE,1515.2346153846154,24.58,1208.3,195.1978672985782
Orissa,2005,WHEAT,1463.7146153846154,24.58,1208.3,193.11111111111111
Orissa,2006,RICE,1531.8138461538463,25.06,1161.6,205.6992574257426
Orissa,2006,WHEAT,1433.1753846153845,25.06,1161.6,271.853355704698
Orissa,2007,RICE,1687.9246153846154,24.77,1179.3,244.2698598130841
Orissa,2007,WHEAT,1486.2876923076924,24.77,1179.3,274.2955089820359
Orissa,2008,RICE,1514.0323076923075,24.61,1118.0,284.3450717703349
Orissa,2008,WHEAT,1508.76,24.61,1118.0,283.24833333333333
Orissa,2009,RICE,1557.7576923076924,25.11,953.7,289.0935616438356
Orissa,2009,WHEAT,1543.4038461538462,25.11,953.7,314.99051428571426
Orissa,2010,RICE,1521.5307692307692,25.13,1215.5,372.58258706467666
Orissa,2010,WHEAT,1578.2523076923076,25.13,1215.5,193.7052896206998
Orissa,2010,WHEAT,1578.2523076923076,25.13,1215.5,193.7052896206998
Orissa,2011,RICE,1444.913076923077,24.67,1116.3,204.04602325581394
Orissa,2011,WHEAT,1660.2584615384617,24.67,1116.3,90.98619874171442
Orissa,2011,WHEAT,1660.2584615384617,24.67,1116.3,90.98619874171442
Orissa,2012,RICE,2295.8507692307694,24.69,1054.7,207.63782340862423
Orissa,2012,WHEAT,1718.776923076923,24.69,1054.7,92.77208475854454
Orissa,2012,WHEAT,1718.776923076923,24.69,1054.7,92.77208475854454
Orissa,2013,RICE,1791.4523076923078,24.82,1092.5,217.750375782881
Orissa,2013,WHEAT,1718.2723076923078,24.82,1092.5,96.07897122744738
Orissa,2013,WHEAT,1718.2723076923078,24.82,1092.5,96.07897122744738
Orissa,2014,RICE,2378.9253846153847,24.73,1045.2,233.43263052208835
Orissa,2014,WHEAT,1723.746153846154,24.73,1045.2,105.29849701552318
Orissa,2014,WHEAT,1723.746153846154,24.73,1045.2,105.29849701552318
Orissa,2015,RICE,1406.5538461538463,24.91,1189.2,168.7520731707317
Orissa,2015,WHEAT,1763.7023076923078,24.91,1189.2,83.93102891185745
Orissa,2015,WHEAT,1763.7023076923078,24.91,1189.2,83.93102891185745
Orissa,2016,RICE,2452.056153846154,25.15,1198.8,195.1772340425532
Orissa,2016,WHEAT,1697.54,25.15,1198.8,94.71992717030943
Orissa,2016,WHEAT,1697.54,25.15,1198.8,94.71992717030943
Orissa,2017,RICE,1745.2238461538461,24.79,1211.0,225.74460288808663
Orissa,2017,WHEAT,1842.1661538461537,24.79,1211.0,108.78143520948656
Orissa,2017,WHEAT,1842.1661538461537,24.79,1211.0,108.78143520948656
Punjab,1994,RICE,3304.799090909091,24.46,1295.3,7.85
Punjab,1994,WHEAT,4008.6018181818185,24.46,1295.3,5.989108910891089
Punjab,1995,RICE,3087.1863636363637,25.29,1242.4,8.119642857142857
Punjab,1995,WHEAT,3811.891818181818,25.29,1242.4,5.947260273972603
Punjab,1996,RICE,3331.63,24.55,1182.9,8.976589595375723
Punjab,1996,WHEAT,4144.917272727273,24.55,1182.9,7.398611111111112
Punjab,1997,RICE,3373.86,24.1,1183.1,9.651764705882353
Punjab,1997,WHEAT,3765.23,24.1,1183.1,8.236971830985917
Punjab,1998,RICE,3108.74,24.76,1208.8,10.12457627118644
Punjab,1998,WHEAT,4252.857272727273,24.76,1208.8,8.37578125
Punjab,1999,RICE,3304.566363636364,24.67,1116.6,11.211920529801324
Punjab,1999,WHEAT,4607.847272727273,24.67,1116.6,8.446907216494846
Punjab,2000,RICE,3447.9300000000003,24.6,1035.4,189.74509615384616
Punjab,2000,WHEAT,4449.442727272727,24.6,1035.4,217.5082142857143
Punjab,2001,RICE,3440.276363636364,24.73,1105.2,317.0544628099173
Punjab,2001,WHEAT,4521.326363636364,24.73,1105.2,297.337476635514
Punjab,2002,RICE,3443.990909090909,25.0,981.9,185.70395
Punjab,2002,WHEAT,4100.694545454546,25.0,981.9,190.05263803680984
Punjab,2003,RICE,3588.1945454545453,24.72,1243.6,169.545023923445
Punjab,2003,WHEAT,4175.132727272728,24.72,1243.6,200.34888268156422
Punjab,2004,RICE,3827.831818181818,24.74,1080.5,174.05342857142858
Punjab,2004,WHEAT,4125.291818181818,24.74,1080.5,179.02728323699424
Punjab,2005,RICE,3744.6063636363633,24.58,1208.3,195.1978672985782
Punjab,2005,WHEAT,4161.008181818182,24.58,1208.3,193.11111111111111
Punjab,2006,RICE,3743.956363636363,25.06,1161.6,205.6992574257426
Punjab,2006,WHEAT,4152.909090909091,25.06,1161.6,271.853355704698
Punjab,2007,RICE,3908.309090909091,24.77,1179.3,244.2698598130841
Punjab,2007,WHEAT,4447.194545454546,24.77,1179.3,274.2955089820359
Punjab,2008,RICE,3922.261818181818,24.61,1118.0,284.3450717703349
Punjab,2008,WHEAT,4277.857272727273,24.61,1118.0,283.24833333333333
Punjab,2009,RICE,3926.447272727273,25.11,953.7,289.0935616438356
Punjab,2009,WHEAT,4286.942727272727,25.11,953.7,314.99051428571426
Punjab,2010,RICE,3802.664545454545,25.13,1215.5,372.58258706467666
Punjab,2010,WHEAT,4583.857272727273,25.13,1215.5,193.7052896206998
Punjab,2010,WHEAT,4583.857272727273,25.13,1215.5,193.7052896206998
Punjab,2011,RICE,3745.18,24.67,1116.3,204.04602325581394
Punjab,2011,WHEAT,5030.50909090909,24.67,1116.3,90.98619874171442
Punjab,2011,WHEAT,5030.50909090909,24.67,1116.3,90.98619874171442
Punjab,2012,RICE,3915.8372727272726,24.69,1054.7,207.63782340862423
Punjab,2012,WHEAT,4660.833636363636,24.69,1054.7,92.77208475854454
Punjab,2012,WHEAT,4660.833636363636,24.69,1054.7,92.77208475854454
Punjab,2013,RICE,3833.360909090909,24.82,1092.5,217.750375782881
Punjab,2013,WHEAT,4925.349999999999,24.82,1092.5,96.07897122744738
Punjab,2013,WHEAT,4925.349999999999,24.82,1092.5,96.07897122744738
Punjab,2014,RICE,3740.027272727273,24.73,1045.2,233.43263052208835
Punjab,2014,WHEAT,4132.549090909091,24.73,1045.2,105.29849701552318
Punjab,2014,WHEAT,4132.549090909091,24.73,1045.2,105.29849701552318
Punjab,2015,RICE,3946.3763636363637,24.91,1189.2,168.7520731707317
Punjab,2015,WHEAT,4522.419090909091,24.91,1189.2,83.93102891185745
Punjab,2015,WHEAT,4522.419090909091,24.91,1189.2,83.93102891185745
Punjab,2016,RICE,4116.009090909091,25.15,1198.8,195.1772340425532
Punjab,2016,WHEAT,4939.174545454545,25.15,1198.8,94.71992717030943
Punjab,2016,WHEAT,4939.174545454545,25.15,1198.8,94.71992717030943
Punjab,2017,RICE,4293.043636363636,24.79,1211.0,225.74460288808663
Punjab,2017,WHEAT,4989.803636363636,24.79,1211.0,108.78143520948656
Punjab,2017,WHEAT,4989.803636363636,24.79,1211.0,108.78143520948656
Rajasthan,1994,RICE,1107.2053846153847,24.46,1295.3,7.85
Rajasthan,1994,WHEAT,2301.006923076923,24.46,1295.3,5.989108910891089
Rajasthan,1995,RICE,550.5834615384615,25.29,1242.4,8.119642857142857
Rajasthan,1995,WHEAT,2341.2396153846157,25.29,1242.4,5.947260273972603
Rajasthan,1996,RICE,712.1373076923077,24.55,1182.9,8.976589595375723
Rajasthan,1996,WHEAT,2648.7507692307695,24.55,1182.9,7.398611111111112
Rajasthan,1997,RICE,711.3026923076923,24.1,1183.1,9.651764705882353
Rajasthan,1997,WHEAT,2316.309230769231,24.1,1183.1,8.236971830985917
Rajasthan,1998,RICE,770.266923076923,24.76,1208.8,10.12457627118644
Rajasthan,1998,WHEAT,2304.5434615384615,24.76,1208.8,8.37578125
Rajasthan,1999,RICE,857.3619230769231,24.67,1116.6,11.211920529801324
Rajasthan,1999,WHEAT,2147.0757692307693,24.67,1116.6,8.446907216494846
Rajasthan,2000,RICE,571.0353846153846,24.6,1035.4,189.74509615384616
Rajasthan,2000,WHEAT,2123.436923076923,24.6,1035.4,217.5082142857143
Rajasthan,2001,RICE,749.3784615384616,24.73,1105.2,317.0544628099173
Rajasthan,2001,WHEAT,2562.9842307692306,24.73,1105.2,297.337476635514
Rajasthan,2002,RICE,353.14153846153846,25.0,981.9,185.70395
Rajasthan,2002,WHEAT,2398.0646153846155,25.0,981.9,190.05263803680984
Rajasthan,2003,RICE,935.7042307692308,24.72,1243.6,169.545023923445
Rajasthan,2003,WHEAT,2549.015,24.72,1243.6,200.34888268156422
Rajasthan,2004,RICE,862.836923076923,24.74,1080.5,174.05342857142858
Rajasthan,2004,WHEAT,2586.2761538461536,24.74,1080.5,179.02728323699424
Rajasthan,2005,RICE,836.5423076923076,24.58,1208.3,195.1978672985782
Rajasthan,2005,WHEAT,2408.424615384615,24.58,1208.3,193.11111111111111
Rajasthan,2006,RICE,904.4346153846153,25.06,1161.6,205.6992574257426
Rajasthan,2006,WHEAT,2668.7599999999998,25.06,1161.6,271.853355704698
Rajasthan,2007,RICE,935.5523076923077,24.77,1179.3,244.2698598130841
Rajasthan,2007,WHEAT,2364.9553846153844,24.77,1179.3,274.2955089820359
Rajasthan,2008,RICE,843.2046153846154,24.61,1118.0,284.3450717703349
Rajasthan,2008,WHEAT,2558.881538461538,24.61,1118.0,283.24833333333333
Rajasthan,2009,RICE,779.3903846153846,25.11,953.7,289.0935616438356
Rajasthan,2009,WHEAT,2698.4553846153844,25.11,953.7,314.99051428571426
Rajasthan,2010,RICE,1031.9976923076922,25.13,1215.5,372.58258706467666
Rajasthan,2010,WHEAT,3008.55,25.13,1215.5,193.7052896206998
Rajasthan,2010,WHEAT,3008.55,25.13,1215.5,193.7052896206998
Rajasthan,2011,RICE,1068.8115384615385,24.67,1116.3,204.04602325581394
Rajasthan,2011,WHEAT,2938.605384615385,24.67,1116.3,90.98619874171442
Rajasthan,2011,WHEAT,2938.605384615385,24.67,1116.3,90.98619874171442
Rajasthan,2012,RICE,910.4084615384616,24.69,1054.7,207.63782340862423
Rajasthan,2012,WHEAT,3008.765,24.69,1054.7,92.77208475854454
Rajasthan,2012,WHEAT,3008.765,24.69,1054.7,92.77208475854454
Rajasthan,2013,RICE,1040.4011538461539,24.82,1092.5,217.750375782881
Rajasthan,2013,WHEAT,3012.9392307692306,24.82,1092.5,96.07897122744738
Rajasthan,2013,WHEAT,3012.9392307692306,24.82,1092.5,96.07897122744738
Rajasthan,2014,RICE,1098.3646153846153,24.73,1045.2,233.43263052208835
Rajasthan,2014,WHEAT,2520.8726923076924,24.73,1045.2,105.29849701552318
Rajasthan,2014,WHEAT,2520.8726923076924,24.73,1045.2,105.29849701552318
Rajasthan,2015,RICE,979.8511538461539,24.91,1189.2,168.7520731707317
Rajasthan,2015,WHEAT,2897.4326923076924,24.91,1189.2,83.93102891185745
Rajasthan,2015,WHEAT,2897.4326923076924,24.91,1189.2,83.93102891185745
Rajasthan,2016,RICE,1268.673076923077,25.15,1198.8,195.1772340425532
Rajasthan,2016,WHEAT,3195.597692307692,25.15,1198.8,94.71992717030943
Rajasthan,2016,WHEAT,3195.597692307692,25.15,1198.8,94.71992717030943
Rajasthan,2017,RICE,1183.1234615384615,24.79,1211.0,225.74460288808663
Rajasthan,2017,WHEAT,3193.6984615384617,24.79,1211.0,108.78143520948656
Rajasthan,2017,WHEAT,3193.6984615384617,24.79,1211.0,108.78143520948656
Tamil Nadu,1994,RICE,3401.9183333333335,24.46,1295.3,7.85
Tamil Nadu,1994,WHEAT,0.0,24.46,1295.3,5.989108910891089
Tamil Nadu,1995,RICE,2780.9516666666664,25.29,1242.4,8.119642857142857
Tamil Nadu,1995,WHEAT,0.0,25.29,1242.4,5.947260273972603
Tamil Nadu,1996,RICE,2903.4441666666667,24.55,1182.9,8.976589595375723
Tamil Nadu,1996,WHEAT,0.0,24.55,1182.9,7.398611111111112
Tamil Nadu,1997,RICE,3310.1766666666667,24.1,1183.1,9.651764705882353
Tamil Nadu,1997,WHEAT,0.0,24.1,1183.1,8.236971830985917
Tamil Nadu,1998,RICE,3852.455,24.76,1208.8,10.12457627118644
Tamil Nadu,1998,WHEAT,0.0,24.76,1208.8,8.37578125
Tamil Nadu,1999,RICE,3772.0750000000003,24.67,1116.6,11.211920529801324
Tamil Nadu,1999,WHEAT,0.0,24.67,1116.6,8.446907216494846
Tamil Nadu,2000,RICE,3753.235,24.6,1035.4,189.74509615384616
Tamil Nadu,2000,WHEAT,0.0,24.6,1035.4,217.5082142857143
Tamil Nadu,2001,RICE,3496.9833333333336,24.73,1105.2,317.0544628099173
Tamil Nadu,2001,WHEAT,0.0,24.73,1105.2,297.337476635514
Tamil Nadu,2002,RICE,2836.75,25.0,981.9,185.70395
Tamil Nadu,2002,WHEAT,0.0,25.0,981.9,190.05263803680984
Tamil Nadu,2003,RICE,2690.1091666666666,24.72,1243.6,169.545023923445
Tamil Nadu,2003,WHEAT,0.0,24.72,1243.6,200.34888268156422
Tamil Nadu,2004,RICE,3077.5483333333336,24.74,1080.5,174.05342857142858
Tamil Nadu,2004,WHEAT,0.0,24.74,1080.5,179.02728323699424
Tamil Nadu,2005,RICE,2903.1749999999997,24.58,1208.3,195.1978672985782
Tamil Nadu,2005,WHEAT,0.0,24.58,1208.3,193.11111111111111
Tamil Nadu,2006,RICE,3526.8008333333332,25.06,1161.6,205.6992574257426
Tamil Nadu,2006,WHEAT,0.0,25.06,1161.6,271.853355704698
Tamil Nadu,2007,RICE,3198.3608333333336,24.77,1179.3,244.2698598130841
Tamil Nadu,2007,WHEAT,0.0,24.77,1179.3,274.2955089820359
Tamil Nadu,2008,RICE,3296.3250000000003,24.61,1118.0,284.3450717703349
Tamil Nadu,2008,WHEAT,0.0,24.61,1118.0,283.24833333333333
Tamil Nadu,2009,RICE,3415.629166666667,25.11,953.7,289.0935616438356
Tamil Nadu,2009,WHEAT,0.0,25.11,953.7,314.99051428571426
Tamil Nadu,2010,RICE,3498.315,25.13,1215.5,372.58258706467666
Tamil Nadu,2010,WHEAT,0.0,25.13,1215.5,193.7052896206998
Tamil Nadu,2010,WHEAT,0.0,25.13,1215.5,193.7052896206998
Tamil Nadu,2011,RICE,4153.54,24.67,1116.3,204.04602325581394
Tamil Nadu,2011,WHEAT,0.0,24.67,1116.3,90.98619874171442
Tamil Nadu,2011,WHEAT,0.0,24.67,1116.3,90.98619874171442
Tamil Nadu,2012,RICE,3383.3775,24.69,1054.7,207.63782340862423
Tamil Nadu,2012,WHEAT,0.0,24.69,1054.7,92.77208475854454
Tamil Nadu,2012,WHEAT,0.0,24.69,1054.7,92.77208475854454
Tamil Nadu,2013,RICE,4209.6125,24.82,1092.5,217.750375782881
Tamil Nadu,2013,WHEAT,0.0,24.82,1092.5,96.07897122744738
Tamil Nadu,2013,WHEAT,0.0,24.82,1092.5,96.07897122744738
Tamil Nadu,2014,RICE,4663.368333333333,24.73,1045.2,233.43263052208835
Tamil Nadu,2014,WHEAT,0.0,24.73,1045.2,105.29849701552318
Tamil Nadu,2014,WHEAT,0.0,24.73,1045.2,105.29849701552318
Tamil Nadu,2015,RICE,3993.4991666666665,24.91,1189.2,168.7520731707317
Tamil Nadu,2015,WHEAT,0.0,24.91,1189.2,83.93102891185745
Tamil Nadu,2015,WHEAT,0.0,24.91,1189.2,83.93102891185745
Tamil Nadu,2016,RICE,3728.8825,25.15,1198.8,195.1772340425532
Tamil Nadu,2016,WHEAT,0.0,25.15,1198.8,94.71992717030943
Tamil Nadu,2016,WHEAT,0.0,25.15,1198.8,94.71992717030943
Tamil Nadu,2017,RICE,3907.86,24.79,1211.0,225.74460288808663
Tamil Nadu,2017,WHEAT,0.0,24.79,1211.0,108.78143520948656
Tamil Nadu,2017,WHEAT,0.0,24.79,1211.0,108.78143520948656
Telangana,1994,RICE,2382.7655555555557,24.46,1295.3,7.85
Telangana,1994,WHEAT,333.3333333333333,24.46,1295.3,5.989108910891089
Telangana,1995,RICE,2120.1344444444444,25.29,1242.4,8.119642857142857
Telangana,1995,WHEAT,472.22222222222223,25.29,1242.4,5.947260273972603
Telangana,1996,RICE,2500.8133333333335,24.55,1182.9,8.976589595375723
Telangana,1996,WHEAT,259.25888888888886,24.55,1182.9,7.398611111111112
Telangana,1997,RICE,2066.327777777778,24.1,1183.1,9.651764705882353
Telangana,1997,WHEAT,259.26,24.1,1183.1,8.236971830985917
Telangana,1998,RICE,2597.6644444444446,24.76,1208.8,10.12457627118644
Telangana,1998,WHEAT,240.7411111111111,24.76,1208.8,8.37578125
Telangana,1999,RICE,2302.82,24.67,1116.6,11.211920529801324
Telangana,1999,WHEAT,514.0844444444444,24.67,1116.6,8.446907216494846
Telangana,2000,RICE,2747.32,24.6,1035.4,189.74509615384616
Telangana,2000,WHEAT,497.12111111111113,24.6,1035.4,217.5082142857143
Telangana,2001,RICE,2656.688888888889,24.73,1105.2,317.0544628099173
Telangana,2001,WHEAT,570.81,24.73,1105.2,297.337476635514
Telangana,2002,RICE,2025.0900000000001,25.0,981.9,185.70395
Telangana,2002,WHEAT,518.5177777777777,25.0,981.9,190.05263803680984
Telangana,2003,RICE,2752.4944444444445,24.72,1243.6,169.545023923445
Telangana,2003,WHEAT,459.4522222222222,24.72,1243.6,200.34888268156422
Telangana,2004,RICE,2407.7988888888885,24.74,1080.5,174.05342857142858
Telangana,2004,WHEAT,401.1311111111111,24.74,1080.5,179.02728323699424
Telangana,2005,RICE,2935.652222222222,24.58,1208.3,195.1978672985782
Telangana,2005,WHEAT,651.4466666666667,24.58,1208.3,193.11111111111111
Telangana,2006,RICE,2757.0355555555557,25.06,1161.6,205.6992574257426
Telangana,2006,WHEAT,717.5255555555555,25.06,1161.6,271.853355704698
Telangana,2007,RICE,3017.261111111111,24.77,1179.3,244.2698598130841
Telangana,2007,WHEAT,773.7766666666666,24.77,1179.3,274.2955089820359
Telangana,2008,RICE,3058.9633333333336,24.61,1118.0,284.3450717703349
Telangana,2008,WHEAT,852.5877777777778,24.61,1118.0,283.24833333333333
Telangana,2009,RICE,2795.7322222222224,25.11,953.7,289.0935616438356
Telangana,2009,WHEAT,574.1277777777777,25.11,953.7,314.99051428571426
Telangana,2010,RICE,3200.8933333333334,25.13,1215.5,372.58258706467666
Telangana,2010,WHEAT,1003.0211111111112,25.13,1215.5,193.7052896206998
Telangana,2010,WHEAT,1003.0211111111112,25.13,1215.5,193.7052896206998
Telangana,2011,RICE,2805.0355555555557,24.67,1116.3,204.04602325581394
Telangana,2011,WHEAT,812.2344444444444,24.67,1116.3,90.98619874171442
Telangana,2011,WHEAT,812.2344444444444,24.67,1116.3,90.98619874171442
Telangana,2012,RICE,3123.443333333333,24.69,1054.7,207.63782340862423
Telangana,2012,WHEAT,739.1177777777777,24.69,1054.7,92.77208475854454
Telangana,2012,WHEAT,739.1177777777777,24.69,1054.7,92.77208475854454
Telangana,2013,RICE,3146.32,24.82,1092.5,217.750375782881
Telangana,2013,WHEAT,573.5055555555555,24.82,1092.5,96.07897122744738
Telangana,2013,WHEAT,573.5055555555555,24.82,1092.5,96.07897122744738
Telangana,2014,RICE,3073.8599999999997,24.73,1045.2,233.43263052208835
Telangana,2014,WHEAT,527.9811111111111,24.73,1045.2,105.29849701552318
Telangana,2014,WHEAT,527.9811111111111,24.73,1045.2,105.29849701552318
Telangana,2015,RICE,2810.51,24.91,1189.2,168.7520731707317
Telangana,2015,WHEAT,1318.6866666666667,24.91,1189.2,83.93102891185745
Telangana,2015,WHEAT,1318.6866666666667,24.91,1189.2,83.93102891185745
Telangana,2016,RICE,3454.222222222222,25.15,1198.8,195.1772340425532
Telangana,2016,WHEAT,1059.66,25.15,1198.8,94.71992717030943
Telangana,2016,WHEAT,1059.66,25.15,1198.8,94.71992717030943
Telangana,2017,RICE,3099.463333333333,24.79,1211.0,225.74460288808663
Telangana,2017,WHEAT,1104.4855555555555,24.79,1211.0,108.78143520948656
Telangana,2017,WHEAT,1104.4855555555555,24.79,1211.0,108.78143520948656
Uttar Pradesh,1994,RICE,1831.02,24.46,1295.3,7.85
Uttar Pradesh,1994,WHEAT,2517.5634782608695,24.46,1295.3,5.989108910891089
Uttar Pradesh,1995,RICE,1830.5884782608698,25.29,1242.4,8.119642857142857
Uttar Pradesh,1995,WHEAT,2467.366956521739,25.29,1242.4,5.947260273972603
Uttar Pradesh,1996,RICE,2035.7632608695653,24.55,1182.9,8.976589595375723
Uttar Pradesh,1996,WHEAT,2701.8141304347823,24.55,1182.9,7.398611111111112
Uttar Pradesh,1997,RICE,2102.931086956522,24.1,1183.1,9.651764705882353
Uttar Pradesh,1997,WHEAT,2522.1934782608696,24.1,1183.1,8.236971830985917
Uttar Pradesh,1998,RICE,1926.3976086956523,24.76,1208.8,10.12457627118644
Uttar Pradesh,1998,WHEAT,2549.516739130435,24.76,1208.8,8.37578125
Uttar Pradesh,1999,RICE,2058.496739130435,24.67,1116.6,11.211920529801324
Uttar Pradesh,1999,WHEAT,2810.549347826087,24.67,1116.6,8.446907216494846
Uttar Pradesh,2000,RICE,1873.5697826086957,24.6,1035.4,189.74509615384616
Uttar Pradesh,2000,WHEAT,2712.514347826087,24.6,1035.4,217.5082142857143
Uttar Pradesh,2001,RICE,2024.9817391304348,24.73,1105.2,317.0544628099173
Uttar Pradesh,2001,WHEAT,2754.6602173913043,24.73,1105.2,297.337476635514
Uttar Pradesh,2002,RICE,1800.814347826087,25.0,981.9,185.70395
Uttar Pradesh,2002,WHEAT,2597.8739130434783,25.0,981.9,190.05263803680984
Uttar Pradesh,2003,RICE,2059.4115217391304,24.72,1243.6,169.545023923445
Uttar Pradesh,2003,WHEAT,2785.391739130435,24.72,1243.6,200.34888268156422
Uttar Pradesh,2004,RICE,1857.2654347826085,24.74,1080.5,174.05342857142858
Uttar Pradesh,2004,WHEAT,2501.212391304348,24.74,1080.5,179.02728323699424
Uttar Pradesh,2005,RICE,1986.9854347826088,24.58,1208.3,195.1978672985782
Uttar Pradesh,2005,WHEAT,2587.03,24.58,1208.3,193.11111111111111
Uttar Pradesh,2006,RICE,1881.229347826087,25.06,1161.6,205.6992574257426
Uttar Pradesh,2006,WHEAT,2764.501956521739,25.06,1161.6,271.853355704698
Uttar Pradesh,2007,RICE,1993.5597826086957,24.77,1179.3,244.2698598130841
Uttar Pradesh,2007,WHEAT,2771.7219565217392,24.77,1179.3,274.2955089820359
Uttar Pradesh,2008,RICE,2143.7028260869565,24.61,1118.0,284.3450717703349
Uttar Pradesh,2008,WHEAT,2995.7836956521737,24.61,1118.0,283.24833333333333
Uttar Pradesh,2009,RICE,2061.3723913043477,25.11,953.7,289.0935616438356
Uttar Pradesh,2009,WHEAT,2849.4071739130436,25.11,953.7,314.99051428571426
Uttar Pradesh,2010,RICE,2082.4095652173914,25.13,1215.5,372.58258706467666
Uttar Pradesh,2010,WHEAT,3104.4852173913046,25.13,1215.5,193.7052896206998
Uttar Pradesh,2010,WHEAT,3104.4852173913046,25.13,1215.5,193.7052896206998
Uttar Pradesh,2011,RICE,2310.893695652174,24.67,1116.3,204.04602325581394
Uttar Pradesh,2011,WHEAT,3283.364782608696,24.67,1116.3,90.98619874171442
Uttar Pradesh,2011,WHEAT,3283.364782608696,24.67,1116.3,90.98619874171442
Uttar Pradesh,2012,RICE,2426.846739130435,24.69,1054.7,207.63782340862423
Uttar Pradesh,2012,WHEAT,3252.9028260869563,24.69,1054.7,92.77208475854454
Uttar Pradesh,2012,WHEAT,3252.9028260869563,24.69,1054.7,92.77208475854454
Uttar Pradesh,2013,RICE,2402.0841304347823,24.82,1092.5,217.750375782881
Uttar Pradesh,2013,WHEAT,3198.8295652173915,24.82,1092.5,96.07897122744738
Uttar Pradesh,2013,WHEAT,3198.8295652173915,24.82,1092.5,96.07897122744738
Uttar Pradesh,2014,RICE,2262.5239130434784,24.73,1045.2,233.43263052208835
Uttar Pradesh,2014,WHEAT,2038.335652173913,24.73,1045.2,105.29849701552318
Uttar Pradesh,2014,WHEAT,2038.335652173913,24.73,1045.2,105.29849701552318
Uttar Pradesh,2015,RICE,2131.379130434783,24.91,1189.2,168.7520731707317
Uttar Pradesh,2015,WHEAT,2773.532391304348,24.91,1189.2,83.93102891185745
Uttar Pradesh,2015,WHEAT,2773.532391304348,24.91,1189.2,83.93102891185745
Uttar Pradesh,2016,RICE,2375.2926086956522,25.15,1198.8,195.1772340425532
Uttar Pradesh,2016,WHEAT,3551.309347826087,25.15,1198.8,94.71992717030943
Uttar Pradesh,2016,WHEAT,3551.309347826087,25.15,1198.8,94.71992717030943
Uttar Pradesh,2017,RICE,2546.9752173913043,24.79,1211.0,225.74460288808663
Uttar Pradesh,2017,WHEAT,3652.4945652173915,24.79,1211.0,108.78143520948656
Uttar Pradesh,2017,WHEAT,3652.4945652173915,24.79,1211.0,108.78143520948656
Uttarakhand,1994,RICE,1527.99625,24.46,1295.3,7.85
Uttarakhand,1994,WHEAT,1541.5325,24.46,1295.3,5.989108910891089
Uttarakhand,1995,RICE,1582.1025,25.29,1242.4,8.119642857142857
Uttarakhand,1995,WHEAT,1634.7,25.29,1242.4,5.947260273972603
Uttarakhand,1996,RICE,1509.515,24.55,1182.9,8.976589595375723
Uttarakhand,1996,WHEAT,1528.1425,24.55,1182.9,7.398611111111112
Uttarakhand,1997,RICE,1596.7275,24.1,1183.1,9.651764705882353
Uttarakhand,1997,WHEAT,1513.40125,24.1,1183.1,8.236971830985917
Uttarakhand,1998,RICE,1543.99875,24.76,1208.8,10.12457627118644
Uttarakhand,1998,WHEAT,1332.29375,24.76,1208.8,8.37578125
Uttarakhand,1999,RICE,1601.7675,24.67,1116.6,11.211920529801324
Uttarakhand,1999,WHEAT,1628.54125,24.67,1116.6,8.446907216494846
Uttarakhand,2000,RICE,1602.7525,24.6,1035.4,189.74509615384616
Uttarakhand,2000,WHEAT,1405.9275,24.6,1035.4,217.5082142857143
Uttarakhand,2001,RICE,1581.0875,24.73,1105.2,317.0544628099173
Uttarakhand,2001,WHEAT,1522.15,24.73,1105.2,297.337476635514
Uttarakhand,2002,RICE,1388.37375,25.0,981.9,185.70395
Uttarakhand,2002,WHEAT,1569.22375,25.0,981.9,190.05263803680984
Uttarakhand,2003,RICE,1344.40625,24.72,1243.6,169.545023923445
Uttarakhand,2003,WHEAT,1553.7762500000001,24.72,1243.6,200.34888268156422
Uttarakhand,2004,RICE,1598.4625,24.74,1080.5,174.05342857142858
Uttarakhand,2004,WHEAT,1423.74,24.74,1080.5,179.02728323699424
Uttarakhand,2005,RICE,1504.795,24.58,1208.3,195.1978672985782
Uttarakhand,2005,WHEAT,1696.9450000000002,24.58,1208.3,193.11111111111111
Uttarakhand,2006,RICE,1581.00625,25.06,1161.6,205.6992574257426
Uttarakhand,2006,WHEAT,1220.65875,25.06,1161.6,271.853355704698
Uttarakhand,2007,RICE,1667.7462500000001,24.77,1179.3,244.2698598130841
Uttarakhand,2007,WHEAT,1632.5462499999999,24.77,1179.3,274.2955089820359
Uttarakhand,2008,RICE,1623.0124999999998,24.61,1118.0,284.3450717703349
Uttarakhand,2008,WHEAT,1360.22875,24.61,1118.0,283.24833333333333
Uttarakhand,2009,RICE,1530.20125,25.11,953.7,289.0935616438356
Uttarakhand,2009,WHEAT,1576.36375,25.11,953.7,314.99051428571426
Uttarakhand,2010,RICE,1558.4125,25.13,1215.5,372.58258706467666
Uttarakhand,2010,WHEAT,1823.86125,25.13,1215.5,193.7052896206998
Uttarakhand,2010,WHEAT,1823.86125,25.13,1215.5,193.7052896206998
Uttarakhand,2011,RICE,1650.475,24.67,1116.3,204.04602325581394
Uttarakhand,2011,WHEAT,1816.7675,24.67,1116.3,90.98619874171442
Uttarakhand,2011,WHEAT,1816.7675,24.67,1116.3,90.98619874171442
Uttarakhand,2012,RICE,1692.42375,24.69,1054.7,207.63782340862423
Uttarakhand,2012,WHEAT,1863.50875,24.69,1054.7,92.77208475854454
Uttarakhand,2012,WHEAT,1863.50875,24.69,1054.7,92.77208475854454
Uttarakhand,2013,RICE,1733.28125,24.82,1092.5,217.750375782881
Uttarakhand,2013,WHEAT,1904.36875,24.82,1092.5,96.07897122744738
Uttarakhand,2013,WHEAT,1904.36875,24.82,1092.5,96.07897122744738
Uttarakhand,2014,RICE,1694.315,24.73,1045.2,233.43263052208835
Uttarakhand,2014,WHEAT,1475.85875,24.73,1045.2,105.29849701552318
Uttarakhand,2014,WHEAT,1475.85875,24.73,1045.2,105.29849701552318
Uttarakhand,2015,RICE,1787.4825,24.91,1189.2,168.7520731707317
Uttarakhand,2015,WHEAT,1560.02125,24.91,1189.2,83.93102891185745
Uttarakhand,2015,WHEAT,1560.02125,24.91,1189.2,83.93102891185745
Uttarakhand,2016,RICE,1766.0225,25.15,1198.8,195.1772340425532
Uttarakhand,2016,WHEAT,1854.33875,25.15,1198.8,94.71992717030943
Uttarakhand,2016,WHEAT,1854.33875,25.15,1198.8,94.71992717030943
Uttarakhand,2017,RICE,1827.20125,24.79,1211.0,225.74460288808663
Uttarakhand,2017,WHEAT,1980.97125,24.79,1211.0,108.78143520948656
Uttarakhand,2017,WHEAT,1980.97125,24.79,1211.0,108.78143520948656
West Bengal,1994,RICE,2029.0435714285716,24.46,1295.3,7.85
West Bengal,1994,WHEAT,2079.4592857142857,24.46,1295.3,5.989108910891089
West Bengal,1995,RICE,1916.0421428571428,25.29,1242.4,8.119642857142857
West Bengal,1995,WHEAT,1858.0400000000002,25.29,1242.4,5.947260273972603
West Bengal,1996,RICE,2058.500666666667,24.55,1182.9,8.976589595375723
West Bengal,1996,WHEAT,2126.3340000000003,24.55,1182.9,7.398611111111112
West Bengal,1997,RICE,2138.8346666666666,24.1,1183.1,9.651764705882353
West Bengal,1997,WHEAT,1859.5026666666668,24.1,1183.1,8.236971830985917
West Bengal,1998,RICE,2117.604,24.76,1208.8,10.12457627118644
West Bengal,1998,WHEAT,1843.012,24.76,1208.8,8.37578125
West Bengal,1999,RICE,2134.005333333333,24.67,1116.6,11.211920529801324
West Bengal,1999,WHEAT,2118.768,24.67,1116.6,8.446907216494846
West Bengal,2000,RICE,2211.362666666667,24.6,1035.4,189.74509615384616
West Bengal,2000,WHEAT,2337.7019999999998,24.6,1035.4,217.5082142857143
West Bengal,2001,RICE,2413.3466666666664,24.73,1105.2,317.0544628099173
West Bengal,2001,WHEAT,2104.95,24.73,1105.2,297.337476635514
West Bengal,2002,RICE,2363.4886666666666,25.0,981.9,185.70395
West Bengal,2002,WHEAT,1964.0673333333332,25.0,981.9,190.05263803680984
West Bengal,2003,RICE,2437.1299999999997,24.72,1243.6,169.545023923445
West Bengal,2003,WHEAT,2200.6046666666666,24.72,1243.6,200.34888268156422
West Bengal,2004,RICE,2447.4586666666664,24.74,1080.5,174.05342857142858
West Bengal,2004,WHEAT,2091.718,24.74,1080.5,179.02728323699424
West Bengal,2005,RICE,2441.0873333333334,24.58,1208.3,195.1978672985782
West Bengal,2005,WHEAT,2033.9626666666668,24.58,1208.3,193.11111111111111
West Bengal,2006,RICE,2511.2200000000003,25.06,1161.6,205.6992574257426
West Bengal,2006,WHEAT,2138.7786666666666,25.06,1161.6,271.853355704698
West Bengal,2007,RICE,2514.5266666666666,24.77,1179.3,244.2698598130841
West Bengal,2007,WHEAT,2419.4700000000003,24.77,1179.3,274.2955089820359
West Bengal,2008,RICE,2469.5586666666663,24.61,1118.0,284.3450717703349
West Bengal,2008,WHEAT,2185.2580000000003,24.61,1118.0,283.24833333333333
West Bengal,2009,RICE,2471.0273333333334,25.11,953.7,289.0935616438356
West Bengal,2009,WHEAT,2221.8373333333334,25.11,953.7,314.99051428571426
West Bengal,2010,RICE,2646.146,25.13,1215.5,372.58258706467666
West Bengal,2010,WHEAT,2458.6426666666666,25.13,1215.5,193.7052896206998
West Bengal,2010,WHEAT,2458.6426666666666,25.13,1215.5,193.7052896206998
West Bengal,2011,RICE,2639.944,24.67,1116.3,204.04602325581394
West Bengal,2011,WHEAT,2432.2039999999997,24.67,1116.3,90.98619874171442
West Bengal,2011,WHEAT,2432.2039999999997,24.67,1116.3,90.98619874171442
West Bengal,2012,RICE,2683.7006666666666,24.69,1054.7,207.63782340862423
West Bengal,2012,WHEAT,2497.3720000000003,24.69,1054.7,92.77208475854454
West Bengal,2012,WHEAT,2497.3720000000003,24.69,1054.7,92.77208475854454
West Bengal,2013,RICE,2792.0313333333334,24.82,1092.5,217.750375782881
West Bengal,2013,WHEAT,2498.4826666666663,24.82,1092.5,96.07897122744738
West Bengal,2013,WHEAT,2498.4826666666663,24.82,1092.5,96.07897122744738
West Bengal,2014,RICE,2841.4126666666666,24.73,1045.2,233.43263052208835
West Bengal,2014,WHEAT,2562.1426666666666,24.73,1045.2,105.29849701552318
West Bengal,2014,WHEAT,2562.1426666666666,24.73,1045.2,105.29849701552318
West Bengal,2015,RICE,2806.663333333333,24.91,1189.2,168.7520731707317
West Bengal,2015,WHEAT,2066.3673333333336,24.91,1189.2,83.93102891185745
West Bengal,2015,WHEAT,2066.3673333333336,24.91,1189.2,83.93102891185745
West Bengal,2016,RICE,2842.6593333333335,25.15,1198.8,195.1772340425532
West Bengal,2016,WHEAT,2369.0406666666668,25.15,1198.8,94.71992717030943
West Bengal,2016,WHEAT,2369.0406666666668,25.15,1198.8,94.71992717030943
West Bengal,2017,RICE,2880.75,24.79,1211.0,225.74460288808663
West Bengal,2017,WHEAT,2528.9846666666667,24.79,1211.0,108.78143520948656
West Bengal,2017,WHEAT,2528.9846666666667,24.79,1211.0,108.78143520948656
