State Name,Year,yield,Avg_Annual_Temperature,Avg_Annual_Rainfall,average_price
Andhra Pradesh,1994,1204.1009090909092,24.46,1295.3,6.919554455445544
Andhra Pradesh,1995,1221.8968181818182,25.29,1242.4,7.03345156555773
Andhra Pradesh,1996,1319.3986363636363,24.55,1182.9,8.187600353243418
Andhra Pradesh,1997,1153.1222727272725,24.1,1183.1,8.944368268434134
Andhra Pradesh,1998,1329.8690909090908,24.76,1208.8,9.250178760593219
Andhra Pradesh,1999,1383.9704545454545,24.67,1116.6,9.829413873148084
Andhra Pradesh,2000,1484.8372727272729,24.6,1035.4,203.62665521978022
Andhra Pradesh,2001,1591.3054545454545,24.73,1105.2,307.19596972271563
Andhra Pradesh,2002,1306.2463636363636,25.0,981.9,187.87829401840492
Andhra Pradesh,2003,1387.0536363636365,24.72,1243.6,184.94695330250462
Andhra Pradesh,2004,1581.5790909090908,24.74,1080.5,176.54035590421142
Andhra Pradesh,2005,1439.4072727272728,24.58,1208.3,194.15448920484465
Andhra Pradesh,2006,1512.3227272727274,25.06,1161.6,238.7763065652203
Andhra Pradesh,2007,1683.7695454545453,24.77,1179.3,259.28268439756005
Andhra Pradesh,2008,1644.3009090909088,24.61,1118.0,283.79670255183413
Andhra Pradesh,2009,1638.959090909091,25.11,953.7,302.0420379647749
Andhra Pradesh,2010,1257.6454545454544,25.13,1215.5,253.33105543535876
Andhra Pradesh,2011,1250.229393939394,24.67,1116.3,128.67280691308093
Andhra Pradesh,2012,1181.9566666666665,24.69,1054.7,131.0606643085711
Andhra Pradesh,2013,1142.5630303030302,24.820000000000004,1092.5,136.6361060792586
Andhra Pradesh,2014,1242.8433333333335,24.73,1045.2,148.0098748510449
Andhra Pradesh,2015,1177.6760606060604,24.91,1189.2,112.2047103314822
Andhra Pradesh,2016,1459.4945454545457,25.149999999999995,1198.8,128.20569612772405
Andhra Pradesh,2017,1479.6987878787884,24.790000000000003,1211.0,147.76915776901993
Assam,1994,1445.21,24.46,1295.3,6.919554455445544
Assam,1995,1292.65,25.29,1242.4,7.03345156555773
Assam,1996,1354.0700000000002,24.55,1182.9,8.187600353243418
Assam,1997,1333.2435,24.1,1183.1,8.944368268434134
Assam,1998,1194.5720000000001,24.76,1208.8,9.250178760593219
Assam,1999,1366.16,24.67,1116.6,9.829413873148084
Assam,2000,1365.3790000000001,24.6,1035.4,203.62665521978022
Assam,2001,1383.8915,24.73,1105.2,307.19596972271563
Assam,2002,1279.6574999999998,25.0,981.9,187.87829401840492
Assam,2003,1300.502,24.72,1243.6,184.94695330250462
Assam,2004,1242.652,24.74,1080.5,176.54035590421142
Assam,2005,1259.76,24.58,1208.3,194.15448920484465
Assam,2006,1203.5575,25.06,1161.6,238.7763065652203
Assam,2007,1319.17,24.77,1179.3,259.28268439756005
Assam,2008,1328.2645,24.61,1118.0,283.79670255183413
Assam,2009,1439.1509999999998,25.11,953.7,302.0420379647749
Assam,2010,1427.1886666666667,25.13,1215.5,253.33105543535876
Assam,2011,1378.9163333333333,24.67,1116.3,128.67280691308093
Assam,2012,1387.907,24.69,1054.7,131.0606643085711
Assam,2013,1352.7533333333333,24.820000000000004,1092.5,136.6361060792586
Assam,2014,1395.046,24.73,1045.2,148.0098748510449
Assam,2015,1296.027,24.91,1189.2,112.2047103314822
Assam,2016,1443.638,25.149999999999995,1198.8,128.20569612772405
Assam,2017,1506.5746666666666,24.790000000000003,1211.0,147.76915776901993
Bihar,1994,1653.9445454545453,24.46,1295.3,6.919554455445544
Bihar,1995,1561.6290909090912,25.29,1242.4,7.03345156555773
Bihar,1996,1795.9086363636363,24.55,1182.9,8.187600353243418
Bihar,1997,1674.168181818182,24.1,1183.1,8.944368268434134
Bihar,1998,1712.1063636363638,24.76,1208.8,9.250178760593219
Bihar,1999,2079.284545454546,24.67,1116.6,9.829413873148084
Bihar,2000,1754.434090909091,24.6,1035.4,203.62665521978022
Bihar,2001,1691.7472727272725,24.73,1105.2,307.19596972271563
Bihar,2002,1602.4218181818183,25.0,981.9,187.87829401840492
Bihar,2003,1589.4013636363636,24.72,1243.6,184.94695330250462
Bihar,2004,1155.6363636363637,24.74,1080.5,176.54035590421142
Bihar,2005,1220.3418181818183,24.58,1208.3,194.15448920484465
Bihar,2006,1737.5422727272726,25.06,1161.6,238.7763065652203
Bihar,2007,1741.4127272727274,24.77,1179.3,259.28268439756005
Bihar,2008,1763.0959090909091,24.61,1118.0,283.79670255183413
Bihar,2009,1571.510909090909,25.11,953.7,302.0420379647749
Bihar,2010,1924.3530303030304,25.13,1215.5,253.33105543535876
Bihar,2011,2838.891212121212,24.67,1116.3,128.67280691308093
Bihar,2012,2650.6963636363635,24.69,1054.7,131.0606643085711
Bihar,2013,2573.5554545454547,24.820000000000004,1092.5,136.6361060792586
Bihar,2014,1921.2175757575758,24.73,1045.2,148.0098748510449
Bihar,2015,2238.991515151515,24.91,1189.2,112.2047103314822
Bihar,2016,2691.3118181818186,25.149999999999995,1198.8,128.20569612772405
Bihar,2017,2726.1551515151514,24.790000000000003,1211.0,147.76915776901993
Chhattisgarh,1994,1263.2175000000002,24.46,1295.3,6.919554455445544
Chhattisgarh,1995,1204.27,25.29,1242.4,7.03345156555773
Chhattisgarh,1996,1272.0833333333333,24.55,1182.9,8.187600353243418
Chhattisgarh,1997,919.4691666666666,24.1,1183.1,8.944368268434134
Chhattisgarh,1998,986.9291666666667,24.76,1208.8,9.250178760593219
Chhattisgarh,1999,628.6791666666666,24.67,1116.6,9.829413873148084
Chhattisgarh,2000,876.1733333333332,24.6,1035.4,203.62665521978022
Chhattisgarh,2001,1271.7816666666668,24.73,1105.2,307.19596972271563
Chhattisgarh,2002,977.2674999999999,25.0,981.9,187.87829401840492
Chhattisgarh,2003,1309.1033333333335,24.72,1243.6,184.94695330250462
Chhattisgarh,2004,1093.1716666666666,24.74,1080.5,176.54035590421142
Chhattisgarh,2005,1093.1716666666666,24.58,1208.3,194.15448920484465
Chhattisgarh,2006,1205.9616666666666,25.06,1161.6,238.7763065652203
Chhattisgarh,2007,1356.1758333333332,24.77,1179.3,259.28268439756005
Chhattisgarh,2008,1180.125,24.61,1118.0,283.79670255183413
Chhattisgarh,2009,1186.33,25.11,953.7,302.0420379647749
Chhattisgarh,2010,1457.2072222222223,25.13,1215.5,253.33105543535876
Chhattisgarh,2011,1527.7077777777777,24.67,1116.3,128.67280691308093
Chhattisgarh,2012,1723.5177777777778,24.69,1054.7,131.0606643085711
Chhattisgarh,2013,1607.5844444444444,24.820000000000004,1092.5,136.6361060792586
Chhattisgarh,2014,1846.0416666666667,24.73,1045.2,148.0098748510449
Chhattisgarh,2015,1488.6155555555554,24.91,1189.2,112.2047103314822
Chhattisgarh,2016,1869.4349999999997,25.149999999999995,1198.8,128.20569612772405
Chhattisgarh,2017,1510.376111111111,24.790000000000003,1211.0,147.76915776901993
Gujarat,1994,1742.496666666667,24.46,1295.3,6.919554455445544
Gujarat,1995,1705.4005555555557,25.29,1242.4,7.03345156555773
Gujarat,1996,1753.7533333333333,24.55,1182.9,8.187600353243418
Gujarat,1997,1758.3513888888888,24.1,1183.1,8.944368268434134
Gujarat,1998,1875.5391666666667,24.76,1208.8,9.250178760593219
Gujarat,1999,1674.5891666666666,24.67,1116.6,9.829413873148084
Gujarat,2000,1423.8322222222223,24.6,1035.4,203.62665521978022
Gujarat,2001,1688.051388888889,24.73,1105.2,307.19596972271563
Gujarat,2002,1488.322222222222,25.0,981.9,187.87829401840492
Gujarat,2003,1712.746666666667,24.72,1243.6,184.94695330250462
Gujarat,2004,1681.3502777777776,24.74,1080.5,176.54035590421142
Gujarat,2005,1880.6875000000005,24.58,1208.3,194.15448920484465
Gujarat,2006,1795.8655555555556,25.06,1161.6,238.7763065652203
Gujarat,2007,2046.6683333333335,24.77,1179.3,259.28268439756005
Gujarat,2008,1679.7169444444444,24.61,1118.0,283.79670255183413
Gujarat,2009,1845.098611111111,25.11,953.7,302.0420379647749
Gujarat,2010,2391.985,25.13,1215.5,253.33105543535876
Gujarat,2011,2469.9105555555557,24.67,1116.3,128.67280691308093
Gujarat,2012,2352.2174074074073,24.69,1054.7,131.0606643085711
Gujarat,2013,2499.3607407407403,24.820000000000004,1092.5,136.6361060792586
Gujarat,2014,2213.9948148148146,24.73,1045.2,148.0098748510449
Gujarat,2015,2237.9183333333335,24.91,1189.2,112.2047103314822
Gujarat,2016,2259.968888888889,25.149999999999995,1198.8,128.20569612772405
Gujarat,2017,2352.5598148148147,24.790000000000003,1211.0,147.76915776901993
Haryana,1994,3022.1007142857143,24.46,1295.3,6.919554455445544
Haryana,1995,2787.397142857143,25.29,1242.4,7.03345156555773
Haryana,1996,3171.95,24.55,1182.9,8.187600353243418
Haryana,1997,3136.517857142857,24.1,1183.1,8.944368268434134
Haryana,1998,3046.62,24.76,1208.8,9.250178760593219
Haryana,1999,3162.119285714285,24.67,1116.6,9.829413873148084
Haryana,2000,3268.4928571428572,24.6,1035.4,203.62665521978022
Haryana,2001,3332.8107142857143,24.73,1105.2,307.19596972271563
Haryana,2002,3289.134285714286,25.0,981.9,187.87829401840492
Haryana,2003,3265.212857142857,24.72,1243.6,184.94695330250462
Haryana,2004,3202.2614285714285,24.74,1080.5,176.54035590421142
Haryana,2005,3327.1892857142857,24.58,1208.3,194.15448920484465
Haryana,2006,3526.046428571429,25.06,1161.6,238.7763065652203
Haryana,2007,3622.427142857143,24.77,1179.3,259.28268439756005
Haryana,2008,3549.8828571428576,24.61,1118.0,283.79670255183413
Haryana,2009,3508.0721428571433,25.11,953.7,302.0420379647749
Haryana,2010,3914.3323809523813,25.13,1215.5,253.33105543535876
Haryana,2011,4365.985714285714,24.67,1116.3,128.67280691308093
Haryana,2012,3969.091904761905,24.69,1054.7,131.0606643085711
Haryana,2013,4101.840952380952,24.820000000000004,1092.5,136.6361060792586
Haryana,2014,3497.725714285714,24.73,1045.2,148.0098748510449
Haryana,2015,3822.9242857142854,24.91,1189.2,112.2047103314822
Haryana,2016,4155.637142857143,25.149999999999995,1198.8,128.20569612772405
Haryana,2017,4218.109523809523,24.790000000000003,1211.0,147.76915776901993
Himachal Pradesh,1994,1316.9389999999999,24.46,1295.3,6.919554455445544
Himachal Pradesh,1995,1355.0500000000002,25.29,1242.4,7.03345156555773
Himachal Pradesh,1996,1350.857,24.55,1182.9,8.187600353243418
Himachal Pradesh,1997,1540.8580000000002,24.1,1183.1,8.944368268434134
Himachal Pradesh,1998,1297.0915,24.76,1208.8,9.250178760593219
Himachal Pradesh,1999,1461.232,24.67,1116.6,9.829413873148084
Himachal Pradesh,2000,1204.612,24.6,1035.4,203.62665521978022
Himachal Pradesh,2001,1591.3719999999998,24.73,1105.2,307.19596972271563
Himachal Pradesh,2002,1202.4144999999999,25.0,981.9,187.87829401840492
Himachal Pradesh,2003,1324.4135,24.72,1243.6,184.94695330250462
Himachal Pradesh,2004,1567.217,24.74,1080.5,176.54035590421142
Himachal Pradesh,2005,1179.8685,24.58,1208.3,194.15448920484465
Himachal Pradesh,2006,1598.341,25.06,1161.6,238.7763065652203
Himachal Pradesh,2007,1465.2675,24.77,1179.3,259.28268439756005
Himachal Pradesh,2008,1221.9735,24.61,1118.0,283.79670255183413
Himachal Pradesh,2009,1093.1365,25.11,953.7,302.0420379647749
Himachal Pradesh,2010,1452.1996666666666,25.13,1215.5,253.33105543535876
Himachal Pradesh,2011,1390.0813333333333,24.67,1116.3,128.67280691308093
Himachal Pradesh,2012,1706.4206666666669,24.69,1054.7,131.0606643085711
Himachal Pradesh,2013,1004.5403333333334,24.820000000000004,1092.5,136.6361060792586
Himachal Pradesh,2014,1758.5466666666669,24.73,1045.2,148.0098748510449
Himachal Pradesh,2015,1590.4093333333333,24.91,1189.2,112.2047103314822
Himachal Pradesh,2016,1145.317,25.149999999999995,1198.8,128.20569612772405
Himachal Pradesh,2017,1567.1246666666666,24.790000000000003,1211.0,147.76915776901993
Jharkhand,1994,1337.3441666666668,24.46,1295.3,6.919554455445544
Jharkhand,1997,1347.5383333333334,24.1,1183.1,8.944368268434134
Jharkhand,1998,0.0,24.76,1208.8,9.250178760593219
Jharkhand,1999,440.50083333333333,24.67,1116.6,9.829413873148084
Jharkhand,2000,1597.6883333333335,24.6,1035.4,203.62665521978022
Jharkhand,2001,1751.7075,24.73,1105.2,307.19596972271563
Jharkhand,2002,1257.7475,25.0,981.9,187.87829401840492
Jharkhand,2003,1383.6358333333333,24.72,1243.6,184.94695330250462
Jharkhand,2004,1268.7016666666668,24.74,1080.5,176.54035590421142
Jharkhand,2005,868.9991666666667,24.58,1208.3,194.15448920484465
Jharkhand,2006,1571.5583333333334,25.06,1161.6,238.7763065652203
Jharkhand,2007,1590.1100000000001,24.77,1179.3,259.28268439756005
Jharkhand,2008,1790.4691666666668,24.61,1118.0,283.79670255183413
Jharkhand,2009,1041.765,25.11,953.7,302.0420379647749
Jharkhand,2010,1008.5233333333334,25.13,1215.5,253.33105543535876
Jharkhand,2011,1759.2399999999998,24.67,1116.3,128.67280691308093
Jharkhand,2012,1827.5588888888888,24.69,1054.7,131.0606643085711
Jharkhand,2013,1784.0755555555554,24.820000000000004,1092.5,136.6361060792586
Jharkhand,2014,1675.641111111111,24.73,1045.2,148.0098748510449
Jharkhand,2015,1313.875,24.91,1189.2,112.2047103314822
Jharkhand,2016,2015.2972222222222,25.149999999999995,1198.8,128.20569612772405
Jharkhand,2017,668.676111111111,24.790000000000003,1211.0,147.76915776901993
Karnataka,1994,1421.595,24.46,1295.3,6.919554455445544
Karnataka,1995,1402.172894736842,25.29,1242.4,7.03345156555773
Karnataka,1996,1447.9207894736842,24.55,1182.9,8.187600353243418
Karnataka,1997,1250.459210526316,24.1,1183.1,8.944368268434134
Karnataka,1998,1417.0097368421052,24.76,1208.8,9.250178760593219
Karnataka,1999,1438.6505263157896,24.67,1116.6,9.829413873148084
Karnataka,2000,1401.315,24.6,1035.4,203.62665521978022
Karnataka,2001,1269.561052631579,24.73,1105.2,307.19596972271563
Karnataka,2002,1124.9507894736842,25.0,981.9,187.87829401840492
Karnataka,2003,1226.6315789473686,24.72,1243.6,184.94695330250462
Karnataka,2004,1514.1542105263156,24.74,1080.5,176.54035590421142
Karnataka,2005,1480.0339473684212,24.58,1208.3,194.15448920484465
Karnataka,2006,1377.3652631578946,25.06,1161.6,238.7763065652203
Karnataka,2007,1539.6260526315787,24.77,1179.3,259.28268439756005
Karnataka,2008,1716.3976315789473,24.61,1118.0,283.79670255183413
Karnataka,2009,1440.1868421052632,25.11,953.7,302.0420379647749
Karnataka,2010,1240.0663157894737,25.13,1215.5,253.33105543535876
Karnataka,2011,1161.8019298245615,24.67,1116.3,128.67280691308093
Karnataka,2012,1060.9307017543858,24.69,1054.7,131.0606643085711
Karnataka,2013,1249.7833333333335,24.820000000000004,1092.5,136.6361060792586
Karnataka,2014,1322.8342105263157,24.73,1045.2,148.0098748510449
Karnataka,2015,1110.4870175438598,24.91,1189.2,112.2047103314822
Karnataka,2016,1090.5287719298244,25.149999999999995,1198.8,128.20569612772405
Karnataka,2017,1308.54,24.790000000000003,1211.0,147.76915776901993
Kerala,1994,939.698,24.46,1295.3,6.919554455445544
Kerala,1995,1003.769,25.29,1242.4,7.03345156555773
Kerala,1996,970.239,24.55,1182.9,8.187600353243418
Kerala,1997,953.2575,24.1,1183.1,8.944368268434134
Kerala,1998,1012.081,24.76,1208.8,9.250178760593219
Kerala,1999,1094.4435,24.67,1116.6,9.829413873148084
Kerala,2000,1066.9025,24.6,1035.4,203.62665521978022
Kerala,2001,1065.068,24.73,1105.2,307.19596972271563
Kerala,2002,1120.6095,25.0,981.9,187.87829401840492
Kerala,2003,1034.683,24.72,1243.6,184.94695330250462
Kerala,2004,1141.088,24.74,1080.5,176.54035590421142
Kerala,2005,1124.1295,24.58,1208.3,194.15448920484465
Kerala,2006,1198.4475,25.06,1161.6,238.7763065652203
Kerala,2007,1140.0235,24.77,1179.3,259.28268439756005
Kerala,2008,1217.156,24.61,1118.0,283.79670255183413
Kerala,2009,1211.976,25.11,953.7,302.0420379647749
Kerala,2010,789.4250000000001,25.13,1215.5,253.33105543535876
Kerala,2011,871.4520000000001,24.67,1116.3,128.67280691308093
Kerala,2012,831.6729999999999,24.69,1054.7,131.0606643085711
Kerala,2013,901.5603333333333,24.820000000000004,1092.5,136.6361060792586
Kerala,2014,893.8796666666667,24.73,1045.2,148.0098748510449
Kerala,2015,885.572,24.91,1189.2,112.2047103314822
Kerala,2016,975.7316666666667,25.149999999999995,1198.8,128.20569612772405
Kerala,2017,1032.4493333333332,24.790000000000003,1211.0,147.76915776901993
Madhya Pradesh,1994,1349.640810810811,24.46,1295.3,6.919554455445544
Madhya Pradesh,1995,1191.9621621621623,25.29,1242.4,7.03345156555773
Madhya Pradesh,1996,1382.2987837837838,24.55,1182.9,8.187600353243418
Madhya Pradesh,1997,1182.0089189189189,24.1,1183.1,8.944368268434134
Madhya Pradesh,1998,1277.9118918918919,24.76,1208.8,9.250178760593219
Madhya Pradesh,1999,1437.0713513513515,24.67,1116.6,9.829413873148084
Madhya Pradesh,2000,1020.4527027027027,24.6,1035.4,203.62665521978022
Madhya Pradesh,2001,1213.0206756756756,24.73,1105.2,307.19596972271563
Madhya Pradesh,2002,1034.4518918918918,25.0,981.9,187.87829401840492
Madhya Pradesh,2003,1390.5682432432434,24.72,1243.6,184.94695330250462
Madhya Pradesh,2004,1255.5462162162162,24.74,1080.5,176.54035590421142
Madhya Pradesh,2005,1253.738108108108,24.58,1208.3,194.15448920484465
Madhya Pradesh,2006,1281.361891891892,25.06,1161.6,238.7763065652203
Madhya Pradesh,2007,1039.652972972973,24.77,1179.3,259.28268439756005
Madhya Pradesh,2008,1180.152972972973,24.61,1118.0,283.79670255183413
Madhya Pradesh,2009,1405.6244594594596,25.11,953.7,302.0420379647749
Madhya Pradesh,2010,1638.090900900901,25.13,1215.5,253.33105543535876
Madhya Pradesh,2011,1992.6597297297296,24.67,1116.3,128.67280691308093
Madhya Pradesh,2012,2380.0749549549546,24.69,1054.7,131.0606643085711
Madhya Pradesh,2013,2125.3007207207206,24.820000000000004,1092.5,136.6361060792586
Madhya Pradesh,2014,2412.1768468468467,24.73,1045.2,148.0098748510449
Madhya Pradesh,2015,2399.062792792793,24.91,1189.2,112.2047103314822
Madhya Pradesh,2016,2775.4422522522523,25.149999999999995,1198.8,128.20569612772405
Madhya Pradesh,2017,2866.4224324324327,24.790000000000003,1211.0,147.76915776901993
Maharashtra,1994,1190.6496153846156,24.46,1295.3,6.919554455445544
Maharashtra,1995,1117.931923076923,25.29,1242.4,7.03345156555773
Maharashtra,1996,1281.5573076923076,24.55,1182.9,8.187600353243418
Maharashtra,1997,965.6328846153845,24.1,1183.1,8.944368268434134
Maharashtra,1998,1192.8996153846156,24.76,1208.8,9.250178760593219
Maharashtra,1999,1186.7725,24.67,1116.6,9.829413873148084
Maharashtra,2000,1033.4371153846155,24.6,1035.4,203.62665521978022
Maharashtra,2001,1203.7534615384616,24.73,1105.2,307.19596972271563
Maharashtra,2002,997.2167307692309,25.0,981.9,187.87829401840492
Maharashtra,2003,1106.904423076923,24.72,1243.6,184.94695330250462
Maharashtra,2004,1048.4911538461538,24.74,1080.5,176.54035590421142
Maharashtra,2005,1151.3323076923075,24.58,1208.3,194.15448920484465
Maharashtra,2006,1194.6159615384618,25.06,1161.6,238.7763065652203
Maharashtra,2007,1426.356346153846,24.77,1179.3,259.28268439756005
Maharashtra,2008,1144.3859615384615,24.61,1118.0,283.79670255183413
Maharashtra,2009,1162.6228846153847,25.11,953.7,302.0420379647749
Maharashtra,2010,1374.4542307692307,25.13,1215.5,253.33105543535876
Maharashtra,2011,1366.2351282051284,24.67,1116.3,128.67280691308093
Maharashtra,2012,1190.0223076923075,24.69,1054.7,131.0606643085711
Maharashtra,2013,1254.6349333333335,24.820000000000004,1092.5,136.6361060792586
Maharashtra,2014,1069.7517333333333,24.73,1045.2,148.0098748510449
Maharashtra,2015,1016.8068,24.91,1189.2,112.2047103314822
Maharashtra,2016,1499.9005128205126,25.149999999999995,1198.8,128.20569612772405
Maharashtra,2017,1365.7252,24.790000000000003,1211.0,147.76915776901993
Orissa,1994,1522.1276923076923,24.46,1295.3,6.919554455445544
Orissa,1995,1501.376923076923,25.29,1242.4,7.03345156555773
Orissa,1996,1203.9184615384615,24.55,1182.9,8.187600353243418
Orissa,1997,1382.4530769230769,24.1,1183.1,8.944368268434134
Orissa,1998,1214.188076923077,24.76,1208.8,9.250178760593219
Orissa,1999,1233.6053846153845,24.67,1116.6,9.829413873148084
Orissa,2000,1106.6996153846153,24.6,1035.4,203.62665521978022
Orissa,2001,1470.7430769230768,24.73,1105.2,307.19596972271563
Orissa,2002,1037.8107692307692,25.0,981.9,187.87829401840492
Orissa,2003,1408.6746153846154,24.72,1243.6,184.94695330250462
Orissa,2004,1390.8815384615386,24.74,1080.5,176.54035590421142
Orissa,2005,1489.4746153846154,24.58,1208.3,194.15448920484465
Orissa,2006,1482.4946153846154,25.06,1161.6,238.7763065652203
Orissa,2007,1587.106153846154,24.77,1179.3,259.28268439756005
Orissa,2008,1511.3961538461538,24.61,1118.0,283.79670255183413
Orissa,2009,1550.5807692307694,25.11,953.7,302.0420379647749
Orissa,2010,1559.3451282051283,25.13,1215.5,253.33105543535876
Orissa,2011,1588.4766666666667,24.67,1116.3,128.67280691308093
Orissa,2012,1911.134871794872,24.69,1054.7,131.0606643085711
Orissa,2013,1742.6656410256412,24.820000000000004,1092.5,136.6361060792586
Orissa,2014,1942.1392307692306,24.73,1045.2,148.0098748510449
Orissa,2015,1644.6528205128207,24.91,1189.2,112.2047103314822
Orissa,2016,1949.0453846153844,25.149999999999995,1198.8,128.20569612772405
Orissa,2017,1809.8520512820512,24.790000000000003,1211.0,147.76915776901993
Punjab,1994,3656.7004545454547,24.46,1295.3,6.919554455445544
Punjab,1995,3449.539090909091,25.29,1242.4,7.03345156555773
Punjab,1996,3738.2736363636363,24.55,1182.9,8.187600353243418
Punjab,1997,3569.545,24.1,1183.1,8.944368268434134
Punjab,1998,3680.7986363636364,24.76,1208.8,9.250178760593219
Punjab,1999,3956.2068181818186,24.67,1116.6,9.829413873148084
Punjab,2000,3948.6863636363637,24.6,1035.4,203.62665521978022
Punjab,2001,3980.801363636364,24.73,1105.2,307.19596972271563
Punjab,2002,3772.3427272727276,25.0,981.9,187.87829401840492
Punjab,2003,3881.663636363636,24.72,1243.6,184.94695330250462
Punjab,2004,3976.561818181818,24.74,1080.5,176.54035590421142
Punjab,2005,3952.8072727272724,24.58,1208.3,194.15448920484465
Punjab,2006,3948.432727272727,25.06,1161.6,238.7763065652203
Punjab,2007,4177.751818181819,24.77,1179.3,259.28268439756005
Punjab,2008,4100.0595454545455,24.61,1118.0,283.79670255183413
Punjab,2009,4106.695,25.11,953.7,302.0420379647749
Punjab,2010,4323.459696969697,25.13,1215.5,253.33105543535876
Punjab,2011,4602.06606060606,24.67,1116.3,128.67280691308093
Punjab,2012,4412.501515151515,24.69,1054.7,131.0606643085711
Punjab,2013,4561.353636363636,24.820000000000004,1092.5,136.6361060792586
Punjab,2014,4001.708484848485,24.73,1045.2,148.0098748510449
Punjab,2015,4330.404848484849,24.91,1189.2,112.2047103314822
Punjab,2016,4664.78606060606,25.149999999999995,1198.8,128.20569612772405
Punjab,2017,4757.5503030303025,24.790000000000003,1211.0,147.76915776901993
Rajasthan,1994,1704.106153846154,24.46,1295.3,6.919554455445544
Rajasthan,1995,1445.9115384615388,25.29,1242.4,7.03345156555773
Rajasthan,1996,1680.4440384615384,24.55,1182.9,8.187600353243418
Rajasthan,1997,1513.8059615384616,24.1,1183.1,8.944368268434134
Rajasthan,1998,1537.405192307692,24.76,1208.8,9.250178760593219
Rajasthan,1999,1502.2188461538462,24.67,1116.6,9.829413873148084
Rajasthan,2000,1347.2361538461537,24.6,1035.4,203.62665521978022
Rajasthan,2001,1656.1813461538459,24.73,1105.2,307.19596972271563
Rajasthan,2002,1375.603076923077,25.0,981.9,187.87829401840492
Rajasthan,2003,1742.3596153846154,24.72,1243.6,184.94695330250462
Rajasthan,2004,1724.5565384615384,24.74,1080.5,176.54035590421142
Rajasthan,2005,1622.4834615384614,24.58,1208.3,194.15448920484465
Rajasthan,2006,1786.5973076923078,25.06,1161.6,238.7763065652203
Rajasthan,2007,1650.253846153846,24.77,1179.3,259.28268439756005
Rajasthan,2008,1701.0430769230768,24.61,1118.0,283.79670255183413
Rajasthan,2009,1738.9228846153846,25.11,953.7,302.0420379647749
Rajasthan,2010,2349.699230769231,25.13,1215.5,253.33105543535876
Rajasthan,2011,2315.3407692307696,24.67,1116.3,128.67280691308093
Rajasthan,2012,2309.3128205128205,24.69,1054.7,131.0606643085711
Rajasthan,2013,2355.4265384615387,24.820000000000004,1092.5,136.6361060792586
Rajasthan,2014,2046.7033333333336,24.73,1045.2,148.0098748510449
Rajasthan,2015,2258.238846153846,24.91,1189.2,112.2047103314822
Rajasthan,2016,2553.289487179487,25.149999999999995,1198.8,128.20569612772405
Rajasthan,2017,2523.506794871795,24.790000000000003,1211.0,147.76915776901993
Tamil Nadu,1994,1700.9591666666665,24.46,1295.3,6.919554455445544
Tamil Nadu,1995,1390.4758333333332,25.29,1242.4,7.03345156555773
Tamil Nadu,1996,1451.7220833333333,24.55,1182.9,8.187600353243418
Tamil Nadu,1997,1655.0883333333334,24.1,1183.1,8.944368268434134
Tamil Nadu,1998,1926.2275,24.76,1208.8,9.250178760593219
Tamil Nadu,1999,1886.0375,24.67,1116.6,9.829413873148084
Tamil Nadu,2000,1876.6175,24.6,1035.4,203.62665521978022
Tamil Nadu,2001,1748.4916666666668,24.73,1105.2,307.19596972271563
Tamil Nadu,2002,1418.375,25.0,981.9,187.87829401840492
Tamil Nadu,2003,1345.0545833333333,24.72,1243.6,184.94695330250462
Tamil Nadu,2004,1538.7741666666668,24.74,1080.5,176.54035590421142
Tamil Nadu,2005,1451.5875,24.58,1208.3,194.15448920484465
Tamil Nadu,2006,1763.4004166666664,25.06,1161.6,238.7763065652203
Tamil Nadu,2007,1599.1804166666668,24.77,1179.3,259.28268439756005
Tamil Nadu,2008,1648.1625000000001,24.61,1118.0,283.79670255183413
Tamil Nadu,2009,1707.8145833333335,25.11,953.7,302.0420379647749
Tamil Nadu,2010,1166.105,25.13,1215.5,253.33105543535876
Tamil Nadu,2011,1384.5133333333333,24.67,1116.3,128.67280691308093
Tamil Nadu,2012,1127.7925,24.69,1054.7,131.0606643085711
Tamil Nadu,2013,1403.2041666666667,24.820000000000004,1092.5,136.6361060792586
Tamil Nadu,2014,1554.4561111111109,24.73,1045.2,148.0098748510449
Tamil Nadu,2015,1331.1663888888888,24.91,1189.2,112.2047103314822
Tamil Nadu,2016,1242.9608333333333,25.149999999999995,1198.8,128.20569612772405
Tamil Nadu,2017,1302.6200000000001,24.790000000000003,1211.0,147.76915776901993
Telangana,1994,1358.0494444444448,24.46,1295.3,6.919554455445544
Telangana,1995,1296.1783333333333,25.29,1242.4,7.03345156555773
Telangana,1996,1380.036111111111,24.55,1182.9,8.187600353243418
Telangana,1997,1162.793888888889,24.1,1183.1,8.944368268434134
Telangana,1998,1419.2027777777778,24.76,1208.8,9.250178760593219
Telangana,1999,1408.4522222222222,24.67,1116.6,9.829413873148084
Telangana,2000,1622.2205555555556,24.6,1035.4,203.62665521978022
Telangana,2001,1613.7494444444444,24.73,1105.2,307.19596972271563
Telangana,2002,1271.8038888888889,25.0,981.9,187.87829401840492
Telangana,2003,1605.9733333333334,24.72,1243.6,184.94695330250462
Telangana,2004,1404.465,24.74,1080.5,176.54035590421142
Telangana,2005,1793.5494444444444,24.58,1208.3,194.15448920484465
Telangana,2006,1737.2805555555558,25.06,1161.6,238.7763065652203
Telangana,2007,1895.5188888888888,24.77,1179.3,259.28268439756005
Telangana,2008,1955.7755555555557,24.61,1118.0,283.79670255183413
Telangana,2009,1684.93,25.11,953.7,302.0420379647749
Telangana,2010,1735.6451851851853,25.13,1215.5,253.33105543535876
Telangana,2011,1476.5014814814815,24.67,1116.3,128.67280691308093
Telangana,2012,1533.8929629629629,24.69,1054.7,131.0606643085711
Telangana,2013,1431.1103703703702,24.820000000000004,1092.5,136.6361060792586
Telangana,2014,1376.6074074074074,24.73,1045.2,148.0098748510449
Telangana,2015,1815.961111111111,24.91,1189.2,112.2047103314822
Telangana,2016,1857.8474074074074,25.149999999999995,1198.8,128.20569612772405
Telangana,2017,1769.478148148148,24.790000000000003,1211.0,147.76915776901993
Uttar Pradesh,1994,2174.2917391304345,24.46,1295.3,6.919554455445544
Uttar Pradesh,1995,2148.9777173913044,25.29,1242.4,7.03345156555773
Uttar Pradesh,1996,2368.788695652174,24.55,1182.9,8.187600353243418
Uttar Pradesh,1997,2312.5622826086956,24.1,1183.1,8.944368268434134
Uttar Pradesh,1998,2237.957173913044,24.76,1208.8,9.250178760593219
Uttar Pradesh,1999,2434.5230434782607,24.67,1116.6,9.829413873148084
Uttar Pradesh,2000,2293.0420652173916,24.6,1035.4,203.62665521978022
Uttar Pradesh,2001,2389.8209782608697,24.73,1105.2,307.19596972271563
Uttar Pradesh,2002,2199.3441304347825,25.0,981.9,187.87829401840492
Uttar Pradesh,2003,2422.4016304347824,24.72,1243.6,184.94695330250462
Uttar Pradesh,2004,2179.238913043478,24.74,1080.5,176.54035590421142
Uttar Pradesh,2005,2287.0077173913046,24.58,1208.3,194.15448920484465
Uttar Pradesh,2006,2322.865652173913,25.06,1161.6,238.7763065652203
Uttar Pradesh,2007,2382.6408695652176,24.77,1179.3,259.28268439756005
Uttar Pradesh,2008,2569.7432608695653,24.61,1118.0,283.79670255183413
Uttar Pradesh,2009,2455.389782608696,25.11,953.7,302.0420379647749
Uttar Pradesh,2010,2763.7933333333335,25.13,1215.5,253.33105543535876
Uttar Pradesh,2011,2959.207753623188,24.67,1116.3,128.67280691308093
Uttar Pradesh,2012,2977.550797101449,24.69,1054.7,131.0606643085711
Uttar Pradesh,2013,2933.2477536231886,24.820000000000004,1092.5,136.6361060792586
Uttar Pradesh,2014,2113.0650724637685,24.73,1045.2,148.0098748510449
Uttar Pradesh,2015,2559.481304347826,24.91,1189.2,112.2047103314822
Uttar Pradesh,2016,3159.303768115942,25.149999999999995,1198.8,128.20569612772405
Uttar Pradesh,2017,3283.9881159420293,24.790000000000003,1211.0,147.76915776901993
Uttarakhand,1994,1534.764375,24.46,1295.3,6.919554455445544
Uttarakhand,1995,1608.40125,25.29,1242.4,7.03345156555773
Uttarakhand,1996,1518.8287500000001,24.55,1182.9,8.187600353243418
Uttarakhand,1997,1555.064375,24.1,1183.1,8.944368268434134
Uttarakhand,1998,1438.14625,24.76,1208.8,9.250178760593219
Uttarakhand,1999,1615.154375,24.67,1116.6,9.829413873148084
Uttarakhand,2000,1504.3400000000001,24.6,1035.4,203.62665521978022
Uttarakhand,2001,1551.61875,24.73,1105.2,307.19596972271563
Uttarakhand,2002,1478.79875,25.0,981.9,187.87829401840492
Uttarakhand,2003,1449.09125,24.72,1243.6,184.94695330250462
Uttarakhand,2004,1511.1012500000002,24.74,1080.5,176.54035590421142
Uttarakhand,2005,1600.8700000000001,24.58,1208.3,194.15448920484465
Uttarakhand,2006,1400.8325,25.06,1161.6,238.7763065652203
Uttarakhand,2007,1650.14625,24.77,1179.3,259.28268439756005
Uttarakhand,2008,1491.620625,24.61,1118.0,283.79670255183413
Uttarakhand,2009,1553.2825,25.11,953.7,302.0420379647749
Uttarakhand,2010,1735.3783333333333,25.13,1215.5,253.33105543535876
Uttarakhand,2011,1761.3366666666668,24.67,1116.3,128.67280691308093
Uttarakhand,2012,1806.4804166666665,24.69,1054.7,131.0606643085711
Uttarakhand,2013,1847.3395833333334,24.820000000000004,1092.5,136.6361060792586
Uttarakhand,2014,1548.6775,24.73,1045.2,148.0098748510449
Uttarakhand,2015,1635.8416666666665,24.91,1189.2,112.2047103314822
Uttarakhand,2016,1824.8999999999999,25.149999999999995,1198.8,128.20569612772405
Uttarakhand,2017,1929.7145833333334,24.790000000000003,1211.0,147.76915776901993
West Bengal,1994,2054.2514285714287,24.46,1295.3,6.919554455445544
West Bengal,1995,1887.0410714285713,25.29,1242.4,7.03345156555773
West Bengal,1996,2092.4173333333338,24.55,1182.9,8.187600353243418
West Bengal,1997,1999.1686666666665,24.1,1183.1,8.944368268434134
West Bengal,1998,1980.308,24.76,1208.8,9.250178760593219
West Bengal,1999,2126.3866666666663,24.67,1116.6,9.829413873148084
West Bengal,2000,2274.5323333333336,24.6,1035.4,203.62665521978022
West Bengal,2001,2259.148333333333,24.73,1105.2,307.19596972271563
West Bengal,2002,2163.7779999999993,25.0,981.9,187.87829401840492
West Bengal,2003,2318.8673333333336,24.72,1243.6,184.94695330250462
West Bengal,2004,2269.588333333333,24.74,1080.5,176.54035590421142
West Bengal,2005,2237.525,24.58,1208.3,194.15448920484465
West Bengal,2006,2324.999333333333,25.06,1161.6,238.7763065652203
West Bengal,2007,2466.998333333333,24.77,1179.3,259.28268439756005
West Bengal,2008,2327.4083333333333,24.61,1118.0,283.79670255183413
West Bengal,2009,2346.432333333333,25.11,953.7,302.0420379647749
West Bengal,2010,2521.1437777777774,25.13,1215.5,253.33105543535876
West Bengal,2011,2501.450666666667,24.67,1116.3,128.67280691308093
West Bengal,2012,2559.4815555555556,24.69,1054.7,131.0606643085711
West Bengal,2013,2596.332222222222,24.820000000000004,1092.5,136.6361060792586
West Bengal,2014,2655.2326666666663,24.73,1045.2,148.0098748510449
West Bengal,2015,2313.132666666667,24.91,1189.2,112.2047103314822
West Bengal,2016,2526.9135555555554,25.149999999999995,1198.8,128.20569612772405
West Bengal,2017,2646.239777777778,24.790000000000003,1211.0,147.76915776901993
